<!--
 Copyright 2012 The Kuali Foundation
 
 Licensed under the Educational Community License, Version 2.0 (the "License");
 you may not use this file except in compliance with the License.
 You may obtain a copy of the License at
 
 http://www.opensource.org/licenses/ecl2.php
 
 Unless required by applicable law or agreed to in writing, software
 distributed under the License is distributed on an "AS IS" BASIS,
 WITHOUT WARRANTIES OR CONDITIONS OF ANY KIND, either express or implied.
 See the License for the specific language governing permissions and
 limitations under the License.
-->
<data xmlns="ns:workflow" xsi:schemaLocation="ns:workflow resource:WorkflowData" xmlns:xsi="http://www.w3.org/2001/XMLSchema-instance">
  <documentTypes xmlns="ns:workflow/DocumentType" xsi:schemaLocation="ns:workflow/DocumentType resource:DocumentType">
    <documentType>
      <name>
        LDYE
      </name>
      <parent>
        LD
      </parent>
      <label>
        LaborDistributionYearEndTransactionalDocument
      </label>
      <active>
        true
      </active>
      <routingVersion>
        2
      </routingVersion>
      <routePaths>
        <routePath>
          <start name="AdHoc" nextNode="AccountingOrganizationHierarchy"/>
          <role name="AccountingOrganizationHierarchy" nextNode="SubFund"/>
          <role name="SubFund" nextNode="Award"/>
          <role name="Award"/>
        </routePath>
      </routePaths>
      <routeNodes>
        <start name="AdHoc"/>
        <role name="AccountingOrganizationHierarchy">
          <qualifierResolverClass>
            org.kuali.rice.krad.workflow.attribute.DataDictionaryQualifierResolver
          </qualifierResolverClass>
          <activationType>P</activationType>
        </role>
        <role name="SubFund">
          <qualifierResolverClass>
            org.kuali.rice.krad.workflow.attribute.DataDictionaryQualifierResolver
          </qualifierResolverClass>
          <activationType>P</activationType>
        </role>
        <role name="Award">
          <qualifierResolverClass>
            org.kuali.rice.krad.workflow.attribute.DataDictionaryQualifierResolver
          </qualifierResolverClass>
          <activationType>P</activationType>
        </role>
      </routeNodes>
    </documentType>
    <documentType>
      <name>
        ST
      </name>
      <parent>
        LD
      </parent>
      <label>
        Salary Expense Transfer
      </label>
      <docHandler>
        ${kfs.url}/laborSalaryExpenseTransfer.do?methodToCall=docHandler
      </docHandler>
      <helpDefinitionURL>
        default.htm?turl=WordDocuments%2Fsalaryexpensetransfer.htm
      </helpDefinitionURL>
      <active>
        true
      </active>
      <routingVersion>
        2
      </routingVersion>
      <routePaths>
        <routePath>
          <start name="AdHoc" nextNode="Account"/>
          <role name="Account" nextNode="AccountingOrganizationHierarchy"/>
          <role name="AccountingOrganizationHierarchy" nextNode="SubFund"/>
          <role name="SubFund" nextNode="Award"/>
          <requests name="Award" nextNode="RequiresWorkstudyReview"/> 
		  <split name="RequiresWorkstudyReview"> 
  			<branch name="True"> 
    			<requests name="Workstudy" nextNode="JoinRequiresWorkstudyReview"/> 
  			</branch> 
  			<branch name="False"> 
    			<simple name="RequiresWorkstudyNoOp" nextNode="JoinRequiresWorkstudyReview"/> 
  			</branch> 
  			<join name="JoinRequiresWorkstudyReview"/> 
		  </split>
        </routePath>
      </routePaths>
      <routeNodes>
        <start name="AdHoc"/>
        <role name="Account">
          <qualifierResolverClass>
            org.kuali.rice.krad.workflow.attribute.DataDictionaryQualifierResolver
          </qualifierResolverClass>
          <activationType>P</activationType>
        </role>
        <role name="AccountingOrganizationHierarchy">
          <qualifierResolverClass>
            org.kuali.rice.krad.workflow.attribute.DataDictionaryQualifierResolver
          </qualifierResolverClass>
          <activationType>P</activationType>
        </role>
        <role name="SubFund">
          <qualifierResolverClass>
            org.kuali.rice.krad.workflow.attribute.DataDictionaryQualifierResolver
          </qualifierResolverClass>
          <activationType>P</activationType>
        </role>
        <role name="Award">
          <qualifierResolverClass>
            org.kuali.rice.krad.workflow.attribute.DataDictionaryQualifierResolver
          </qualifierResolverClass>
          <activationType>P</activationType>
        </role>
        <split name="RequiresWorkstudyReview">
          <type>org.kuali.kfs.sys.document.workflow.SimpleBooleanSplitNode</type>
        </split>
        <simple name="RequiresWorkstudyNoOp">
          <type>org.kuali.rice.kew.engine.node.NoOpNode</type>
        </simple>
        <join name="JoinRequiresWorkstudyReview"/>
        <role name="Workstudy">
          <qualifierResolverClass>org.kuali.rice.krad.workflow.attribute.DataDictionaryQualifierResolver</qualifierResolverClass>
          <activationType>P</activationType>
        </role>
      </routeNodes>
    </documentType>
    <documentType>
      <name>
        LLJV
      </name>
      <parent>
        LD
      </parent>
      <label>
        Labor Journal Voucher
      </label>
      <docHandler>
        ${kfs.url}/laborJournalVoucher.do?methodToCall=docHandler
      </docHandler>
      <helpDefinitionURL>
        default.htm?turl=WordDocuments%2Flaborjournalvoucher.htm
      </helpDefinitionURL>
      <active>
        true
      </active>
      <routingVersion>
        2
      </routingVersion>
      <routePaths>
        <routePath>
          <start name="AdHoc"/>
        </routePath>
      </routePaths>
      <routeNodes>
        <start name="AdHoc"/>
      </routeNodes>
    </documentType>
    <documentType>
      <name>
        BT
      </name>
      <parent>
        LD
      </parent>
      <label>
        Benefit Expense Transfer
      </label>
      <docHandler>
        ${kfs.url}/laborBenefitExpenseTransfer.do?methodToCall=docHandler
      </docHandler>
      <helpDefinitionURL>
        default.htm?turl=WordDocuments%2Fbenefitexpensetransfer.htm
      </helpDefinitionURL>
      <active>
        true
      </active>
      <routingVersion>
        2
      </routingVersion>
      <routePaths>
        <routePath>
          <start name="AdHoc" nextNode="Account"/>
          <role name="Account" nextNode="AccountingOrganizationHierarchy"/>
          <role name="AccountingOrganizationHierarchy" nextNode="SubFund"/>
          <role name="SubFund" nextNode="Award"/>
          <role name="Award"/>
        </routePath>
      </routePaths>
      <routeNodes>
        <start name="AdHoc"/>
        <role name="Account">
          <qualifierResolverClass>
            org.kuali.rice.krad.workflow.attribute.DataDictionaryQualifierResolver
          </qualifierResolverClass>
          <activationType>P</activationType>
        </role>
        <role name="AccountingOrganizationHierarchy">
          <qualifierResolverClass>
            org.kuali.rice.krad.workflow.attribute.DataDictionaryQualifierResolver
          </qualifierResolverClass>
          <activationType>P</activationType>
        </role>
        <role name="SubFund">
          <qualifierResolverClass>
            org.kuali.rice.krad.workflow.attribute.DataDictionaryQualifierResolver
          </qualifierResolverClass>
          <activationType>P</activationType>
        </role>
        <role name="Award">
          <qualifierResolverClass>
            org.kuali.rice.krad.workflow.attribute.DataDictionaryQualifierResolver
          </qualifierResolverClass>
          <activationType>P</activationType>
        </role>
      </routeNodes>
    </documentType>
    <documentType>
      <name>
        LLCP
      </name>
      <parent>
        LD
      </parent>
      <label>
        Labor Ledger Correction Process
      </label>
      <docHandler>
        ${kfs.url}/laborLedgerCorrection.do?methodToCall=docHandler
      </docHandler>
      <helpDefinitionURL>
        default.htm?turl=WordDocuments%2Flaborledgercorrectionprocess.htm
      </helpDefinitionURL>
      <active>
        true
      </active>
      <routingVersion>
        2
      </routingVersion>
      <routePaths>
        <routePath>
          <start name="AdHoc" nextNode="autoApproveForAsynchronousProcessing"/>
          <simple name="autoApproveForAsynchronousProcessing"/>
        </routePath>
      </routePaths>
      <routeNodes>
        <start name="AdHoc"/>
        <simple name="autoApproveForAsynchronousProcessing">
          <type>
            org.kuali.rice.kew.engine.node.NoOpNode
          </type>
        </simple>
      </routeNodes>
    </documentType>
    <documentType>
      <name>
        YEBT
      </name>
      <parent>
        LDYE
      </parent>
      <label>
        Year End Benefit Expense Transfer
      </label>
      <docHandler>
        ${kfs.url}/laborYearEndBenefitExpenseTransfer.do?methodToCall=docHandler
      </docHandler>
      <helpDefinitionURL>
      	default.htm?turl=WordDocuments%2Fyearendedocs.htm
      </helpDefinitionURL>
      <active>
        true
      </active>
      <routingVersion>
        2
      </routingVersion>
    </documentType>
    <documentType>
      <name>
        YEST
      </name>
      <parent>
        LDYE
      </parent>
      <label>
        Year End Salary Expense Transfer
      </label>
      <docHandler>
        ${kfs.url}/laborYearEndSalaryExpenseTransfer.do?methodToCall=docHandler
      </docHandler>
      <helpDefinitionURL>
      	default.htm?turl=WordDocuments%2Fyearendedocs.htm
      </helpDefinitionURL>
      <active>
        true
      </active>
      <routingVersion>
        2
      </routingVersion>
    </documentType>
  </documentTypes>
</data>
