<!--
 Copyright 2012 The Kuali Foundation
 
 Licensed under the Educational Community License, Version 2.0 (the "License");
 you may not use this file except in compliance with the License.
 You may obtain a copy of the License at
 
 http://www.opensource.org/licenses/ecl2.php
 
 Unless required by applicable law or agreed to in writing, software
 distributed under the License is distributed on an "AS IS" BASIS,
 WITHOUT WARRANTIES OR CONDITIONS OF ANY KIND, either express or implied.
 See the License for the specific language governing permissions and
 limitations under the License.
-->
<data xmlns="ns:workflow" xsi:schemaLocation="ns:workflow resource:WorkflowData" xmlns:xsi="http://www.w3.org/2001/XMLSchema-instance">
  <documentTypes xmlns="ns:workflow/DocumentType" xsi:schemaLocation="ns:workflow/DocumentType resource:DocumentType">
    <documentType>
      <name>
        APRD
      </name>
      <parent>
        COSM
      </parent>
      <label>
        Accounting Period
      </label>
      <helpDefinitionURL>
        default.htm?turl=WordDocuments%2Faccountingperiod.htm
      </helpDefinitionURL>
      <active>
        true
      </active>
      <routingVersion>
        2
      </routingVersion>
    </documentType>
    <documentType>
      <name>
        ATYP
      </name>
      <parent>
        COSM
      </parent>
      <label>
        Account Type
      </label>
      <helpDefinitionURL>
        default.htm?turl=WordDocuments%2Faccounttype.htm
      </helpDefinitionURL>
      <active>
        true
      </active>
      <routingVersion>
        2
      </routingVersion>
    </documentType>
    <documentType>
      <name>
        AFUN
      </name>
      <parent>
        COSM
      </parent>
      <label>
        AICPA Function
      </label>
      <helpDefinitionURL>
        default.htm?turl=WordDocuments%2Faicpafunction.htm
      </helpDefinitionURL>
      <active>
        true
      </active>
      <routingVersion>
        2
      </routingVersion>
    </documentType>
    <documentType>
      <name>
        BTYP
      </name>
      <parent>
        COSM
      </parent>
      <label>
        Balance Type
      </label>
      <helpDefinitionURL>
        default.htm?turl=WordDocuments%2Fbalancetype.htm
      </helpDefinitionURL>
      <active>
        true
      </active>
      <routingVersion>
        2
      </routingVersion>
    </documentType>
    <documentType>
      <name>
        ACTY
      </name>
      <parent>
        COSM
      </parent>
      <label>
        Basic Accounting Category
      </label>
      <helpDefinitionURL>
        default.htm?turl=WordDocuments%2Fbasicaccountingcategory.htm
      </helpDefinitionURL>
      <active>
        true
      </active>
      <routingVersion>
        2
      </routingVersion>
    </documentType>
    <documentType>
      <name>
        BAMD
      </name>
      <parent>
        COSM
      </parent>
      <label>
        Budget Aggregation Code
      </label>
      <helpDefinitionURL>
        default.htm?turl=WordDocuments%2Fbudgetaggregationcode.htm
      </helpDefinitionURL>
      <active>
        true
      </active>
      <routingVersion>
        2
      </routingVersion>
    </documentType>
    <documentType>
      <name>
        BRL
      </name>
      <parent>
        COSM
      </parent>
      <label>
        Budget Recording Level Maintenance Document
      </label>
      <helpDefinitionURL>
        default.htm?turl=WordDocuments%2Fbudgetrecordinglevel.htm
      </helpDefinitionURL>
      <active>
        true
      </active>
      <routingVersion>
        2
      </routingVersion>
    </documentType>
    <documentType>
      <name>
        COAT
      </name>
      <parent>
        COSM
      </parent>
      <label>
        Chart
      </label>
      <helpDefinitionURL>
        default.htm?turl=WordDocuments%2Fchart.htm
      </helpDefinitionURL>
      <active>
        true
      </active>
      <routingVersion>
        2
      </routingVersion>
    </documentType>
    <documentType>
      <name>
        FFUN
      </name>
      <parent>
        COSM
      </parent>
      <label>
        Federal Function
      </label>
      <helpDefinitionURL>
        default.htm?turl=WordDocuments%2Ffederalfunction.htm
      </helpDefinitionURL>
      <active>
        true
      </active>
      <routingVersion>
        2
      </routingVersion>
    </documentType>
    <documentType>
      <name>
        FFC
      </name>
      <parent>
        COSM
      </parent>
      <label>
        Federal Funded Code
      </label>
      <helpDefinitionURL>
        default.htm?turl=WordDocuments%2Ffederalfundedcode.htm
      </helpDefinitionURL>
      <active>
        true
      </active>
      <routingVersion>
        2
      </routingVersion>
    </documentType>
    <documentType>
      <name>
        FGRP
      </name>
      <parent>
        COSM
      </parent>
      <label>
        Fund Group
      </label>
      <helpDefinitionURL>
        default.htm?turl=WordDocuments%2Ffundgroup.htm
      </helpDefinitionURL>
      <active>
        true
      </active>
      <routingVersion>
        2
      </routingVersion>
    </documentType>
    <documentType>
      <name>
        HEFN
      </name>
      <parent>
        COSM
      </parent>
      <label>
        Higher Education Function
      </label>
      <helpDefinitionURL>
        default.htm?turl=WordDocuments%2Fhighereducationfunction.htm
      </helpDefinitionURL>
      <active>
        true
      </active>
      <routingVersion>
        2
      </routingVersion>
    </documentType>
    <documentType>
      <name>
        MTE
      </name>
      <parent>
        COSM
      </parent>
      <label>
        Mandatory Transfer Elimination
      </label>
      <helpDefinitionURL>
        default.htm?turl=WordDocuments%2Fmandatorytransferelimination.htm
      </helpDefinitionURL>
      <active>
        true
      </active>
      <routingVersion>
        2
      </routingVersion>
    </documentType>
    <documentType>
      <name>
        OBJC
      </name>
      <parent>
        COSM
      </parent>
      <label>
        Object Consolidation
      </label>
      <helpDefinitionURL>
        default.htm?turl=WordDocuments%2Fobjectconsolidation.htm
      </helpDefinitionURL>
      <active>
        true
      </active>
      <routingVersion>
        2
      </routingVersion>
    </documentType>
    <documentType>
      <name>
        OBJL
      </name>
      <parent>
        COSM
      </parent>
      <label>
        Object Level
      </label>
      <helpDefinitionURL>
        default.htm?turl=WordDocuments%2Fobjectlevel.htm
      </helpDefinitionURL>
      <active>
        true
      </active>
      <routingVersion>
        2
      </routingVersion>
    </documentType>
    <documentType>
      <name>
        OSTY
      </name>
      <parent>
        COSM
      </parent>
      <label>
        Object Sub-Type
      </label>
      <helpDefinitionURL>
        default.htm?turl=WordDocuments%2Fobjectsubtype.htm
      </helpDefinitionURL>
      <active>
        true
      </active>
      <routingVersion>
        2
      </routingVersion>
    </documentType>
    <documentType>
      <name>
        OTYP
      </name>
      <parent>
        COSM
      </parent>
      <label>
        Object Type
      </label>
      <helpDefinitionURL>
        default.htm?turl=WordDocuments%2Fobjecttype.htm
      </helpDefinitionURL>
      <active>
        true
      </active>
      <routingVersion>
        2
      </routingVersion>
    </documentType>
    <documentType>
      <name>
        OFAC
      </name>
      <parent>
        COSM
      </parent>
      <label>
        Offset Account
      </label>
      <helpDefinitionURL>
        default.htm?turl=WordDocuments%2Foffsetaccount.htm
      </helpDefinitionURL>
      <active>
        true
      </active>
      <routingVersion>
        2
      </routingVersion>
    </documentType>
    <documentType>
      <name>
        OFSD
      </name>
      <parent>
        COSM
      </parent>
      <label>
        Offset Definition
      </label>
      <helpDefinitionURL>
        default.htm?turl=WordDocuments%2Foffsetdefinition.htm
      </helpDefinitionURL>
      <active>
        true
      </active>
      <routingVersion>
        2
      </routingVersion>
    </documentType>
    <documentType>
      <name>
        ORGC
      </name>
      <parent>
        COSM
      </parent>
      <label>
        Organization Reversion Category
      </label>
      <helpDefinitionURL>
        default.htm?turl=WordDocuments%2Forganizationreversioncategory.htm
      </helpDefinitionURL>
      <active>
        true
      </active>
      <routingVersion>
        2
      </routingVersion>
    </documentType>
    <documentType>
      <name>
        ORTY
      </name>
      <parent>
        COSM
      </parent>
      <label>
        Organization Type
      </label>
      <helpDefinitionURL>
        default.htm?turl=WordDocuments%2Forganizationtype.htm
      </helpDefinitionURL>
      <active>
        true
      </active>
      <routingVersion>
        2
      </routingVersion>
    </documentType>
    <documentType>
      <name>
        ORIG
      </name>
      <parent>
        COSM
      </parent>
      <label>
        Origination Code
      </label>
      <helpDefinitionURL>
        default.htm?turl=WordDocuments%2Foriginationcode.htm
      </helpDefinitionURL>
      <active>
        true
      </active>
      <routingVersion>
        2
      </routingVersion>
    </documentType>
    <documentType>
      <name>
        RPTC
      </name>
      <parent>
        COSM
      </parent>
      <label>
        Financial Reporting Code
      </label>
      <helpDefinitionURL>
        default.htm?turl=WordDocuments%2Ffinancialreportingcode.htm
      </helpDefinitionURL>
      <active>
        true
      </active>
      <routingVersion>
        2
      </routingVersion>
    </documentType>
    <documentType>
      <name>
        RCEN
      </name>
      <parent>
        COSM
      </parent>
      <label>
        Responsibility Center
      </label>
      <helpDefinitionURL>
        default.htm?turl=WordDocuments%2Fresponsibilitycenter.htm
      </helpDefinitionURL>
      <active>
        true
      </active>
      <routingVersion>
        2
      </routingVersion>
    </documentType>
    <documentType>
      <name>
        RSTA
      </name>
      <parent>
        COSM
      </parent>
      <label>
        Restricted Status
      </label>
      <helpDefinitionURL>
        default.htm?turl=WordDocuments%2Frestrictedstatus.htm
      </helpDefinitionURL>
      <active>
        true
      </active>
      <routingVersion>
        2
      </routingVersion>
    </documentType>
    <documentType>
      <name>
        SFGR
      </name>
      <parent>
        COSM
      </parent>
      <label>
        Sub-Fund Group
      </label>
      <helpDefinitionURL>
        default.htm?turl=WordDocuments%2Fsubfundgroup.htm
      </helpDefinitionURL>
      <active>
        true
      </active>
      <routingVersion>
        2
      </routingVersion>
    </documentType>
    <documentType>
      <name>
        SFGT
      </name>
      <parent>
        COSM
      </parent>
      <label>
        Sub-Fund Group Type
      </label>
      <helpDefinitionURL>
        default.htm?turl=WordDocuments%2Fsubfundgrouptype.htm
      </helpDefinitionURL>
      <active>
        true
      </active>
      <routingVersion>
        2
      </routingVersion>
    </documentType>
    <documentType>
      <name>
        SFC
      </name>
      <parent>
        COSM
      </parent>
      <label>
        Sufficient Funds Code
      </label>
      <helpDefinitionURL>
        default.htm?turl=WordDocuments%2Fsufficientfundscode.htm
      </helpDefinitionURL>
      <active>
        true
      </active>
      <routingVersion>
        2
      </routingVersion>
    </documentType>
    <documentType>
      <name>
        UFUN
      </name>
      <parent>
        COSM
      </parent>
      <label>
        University Budget Office Function
      </label>
      <helpDefinitionURL>
        default.htm?turl=WordDocuments%2Funiversitybudgetofficefunction.htm
      </helpDefinitionURL>
      <active>
        true
      </active>
      <routingVersion>
        2
      </routingVersion>
    </documentType>
    <documentType>
      <name>
        ORGR
      </name>
      <parent>
        COSM
      </parent>
      <label>
        Organization Reversion
      </label>
      <helpDefinitionURL>
        default.htm?turl=WordDocuments%2Forganizationreversion.htm
      </helpDefinitionURL>
      <active>
        true
      </active>
      <routingVersion>
        2
      </routingVersion>
    </documentType>
    <documentType>
      <name>
        CFDM
      </name>
      <parent>
        COSM
      </parent>
      <label>
        Catalog of Federal Domestic Assistance
      </label>
      <helpDefinitionURL>
        default.htm?turl=WordDocuments%2Fcatalogoffederaldomesticassistance.htm
      </helpDefinitionURL>
      <active>
        true
      </active>
      <routingVersion>
        2
      </routingVersion>
    </documentType>
  </documentTypes>
</data>
