<!--
 Copyright 2012 The Kuali Foundation
 
 Licensed under the Educational Community License, Version 2.0 (the "License");
 you may not use this file except in compliance with the License.
 You may obtain a copy of the License at
 
 http://www.opensource.org/licenses/ecl2.php
 
 Unless required by applicable law or agreed to in writing, software
 distributed under the License is distributed on an "AS IS" BASIS,
 WITHOUT WARRANTIES OR CONDITIONS OF ANY KIND, either express or implied.
 See the License for the specific language governing permissions and
 limitations under the License.
-->
<data xmlns="ns:workflow" xsi:schemaLocation="ns:workflow resource:WorkflowData" xmlns:xsi="http://www.w3.org/2001/XMLSchema-instance">
  <documentTypes xmlns="ns:workflow/DocumentType" xsi:schemaLocation="ns:workflow/DocumentType resource:DocumentType">
    <documentType>
      <name>
        GORV
      </name>
      <parent>
        COA
      </parent>
      <label>
        Organization Reversion Global
      </label>
      <helpDefinitionURL>
        default.htm?turl=WordDocuments%2Forganizationreversionglobal.htm
      </helpDefinitionURL>
      <active>
        true
      </active>
      <routingVersion>
        2
      </routingVersion>
    </documentType>
    <documentType>
      <name>
        GSOB
      </name>
      <parent>
        COA
      </parent>
      <label>
        Sub-Object Code Global
      </label>
      <helpDefinitionURL>
        default.htm?turl=WordDocuments%2Fsubobjectcodeglobal.htm
      </helpDefinitionURL>
      <active>
        true
      </active>
      <routingVersion>
        2
      </routingVersion>
      <routePaths>
        <routePath>
          <start name="AdHoc" nextNode="Account"/>
          <role name="Account" nextNode="OrganizationHierarchy"/>
          <role name="OrganizationHierarchy" nextNode="Chart"/>
          <role name="Chart"/>
        </routePath>
      </routePaths>
      <routeNodes>
        <start name="AdHoc"/>
        <role name="Account">
          <qualifierResolverClass>
            org.kuali.rice.krad.workflow.attribute.DataDictionaryQualifierResolver
          </qualifierResolverClass>
          <activationType>
            P
          </activationType>
        </role>
        <role name="OrganizationHierarchy">
          <qualifierResolverClass>
            org.kuali.rice.krad.workflow.attribute.DataDictionaryQualifierResolver
          </qualifierResolverClass>
          <activationType>
            P
          </activationType>
        </role>
        <role name="Chart">
          <qualifierResolverClass>
            org.kuali.rice.krad.workflow.attribute.DataDictionaryQualifierResolver
          </qualifierResolverClass>
          <activationType>
            P
          </activationType>
        </role>
      </routeNodes>
    </documentType>
    <documentType>
      <name>
        GDLG
      </name>
      <parent>
        COA
      </parent>
      <label>
        Account Delegate Global
      </label>
      <helpDefinitionURL>
        default.htm?turl=WordDocuments%2Faccountdelegateglobal.htm
      </helpDefinitionURL>
      <active>
        true
      </active>
      <routingVersion>
        2
      </routingVersion>
      <routePaths>
        <routePath>
          <start name="AdHoc" nextNode="OrganizationHierarchy"/>
          <role name="OrganizationHierarchy" nextNode="Chart"/>
          <role name="Chart" nextNode="Account"/>
          <role name="Account"/>
        </routePath>
      </routePaths>
      <routeNodes>
        <start name="AdHoc"/>
        <role name="OrganizationHierarchy">
          <qualifierResolverClass>
            org.kuali.rice.krad.workflow.attribute.DataDictionaryQualifierResolver
          </qualifierResolverClass>
          <activationType>
            P
          </activationType>
        </role>
        <role name="Chart">
          <qualifierResolverClass>
            org.kuali.rice.krad.workflow.attribute.DataDictionaryQualifierResolver
          </qualifierResolverClass>
          <activationType>
            P
          </activationType>
        </role>
        <role name="Account">
          <qualifierResolverClass>
            org.kuali.rice.krad.workflow.attribute.DataDictionaryQualifierResolver
          </qualifierResolverClass>
          <activationType>
            P
          </activationType>
        </role>
      </routeNodes>
    </documentType>
    <documentType>
      <name>
        OR
      </name>
      <parent>
        COA
      </parent>
      <label>
        Organization Review
      </label>
      <active>
        true
      </active>
      <routingVersion>
        2
      </routingVersion>
    </documentType>
    <documentType>
      <name>
        ADEL
      </name>
      <parent>
        COA
      </parent>
      <label>
        Account Delegate
      </label>
      <helpDefinitionURL>
        default.htm?turl=WordDocuments%2Faccountdelegate.htm
      </helpDefinitionURL>
      <active>
        true
      </active>
      <routingVersion>
        2
      </routingVersion>
      <routePaths>
        <routePath>
          <start name="AdHoc" nextNode="Account"/>
          <role name="Account" nextNode="OrganizationHierarchy"/>
          <role name="OrganizationHierarchy"/>
        </routePath>
      </routePaths>
      <routeNodes>
        <start name="AdHoc"/>
        <role name="Account">
          <qualifierResolverClass>
            org.kuali.rice.krad.workflow.attribute.DataDictionaryQualifierResolver
          </qualifierResolverClass>
        </role>
        <role name="OrganizationHierarchy">
          <qualifierResolverClass>
            org.kuali.rice.krad.workflow.attribute.DataDictionaryQualifierResolver
          </qualifierResolverClass>
        </role>
      </routeNodes>
    </documentType>
    <documentType>
      <name>
        GDLM
      </name>
      <parent>
        COA
      </parent>
      <label>
        Account Delegate Model
      </label>
      <helpDefinitionURL>
        default.htm?turl=WordDocuments%2Faccountdelegatemodel.htm
      </helpDefinitionURL>
      <active>
        true
      </active>
      <routingVersion>
        2
      </routingVersion>
      <routePaths>
        <routePath>
          <start name="AdHoc" nextNode="OrganizationHierarchy"/>
          <role name="OrganizationHierarchy" nextNode="Chart"/>
          <role name="Chart"/>
        </routePath>
      </routePaths>
      <routeNodes>
        <start name="AdHoc"/>
        <role name="OrganizationHierarchy">
          <qualifierResolverClass>
            org.kuali.rice.krad.workflow.attribute.DataDictionaryQualifierResolver
          </qualifierResolverClass>
        </role>
        <role name="Chart">
          <qualifierResolverClass>
            org.kuali.rice.krad.workflow.attribute.DataDictionaryQualifierResolver
          </qualifierResolverClass>
        </role>
      </routeNodes>
    </documentType>
    <documentType>
      <name>
        GACC
      </name>
      <parent>
        COA
      </parent>
      <label>
        Account Global
      </label>
      <helpDefinitionURL>
        default.htm?turl=WordDocuments%2Faccountglobal.htm
      </helpDefinitionURL>
      <active>
        true
      </active>
      <routingVersion>
        2
      </routingVersion>
      <routePaths>
        <routePath>
          <start name="AdHoc" nextNode="OrganizationHierarchy"/>
          <role name="OrganizationHierarchy" nextNode="Chart"/>
          <role name="Chart"/>
        </routePath>
      </routePaths>
      <routeNodes>
        <start name="AdHoc"/>
        <role name="OrganizationHierarchy">
          <qualifierResolverClass>
            org.kuali.rice.krad.workflow.attribute.DataDictionaryQualifierResolver
          </qualifierResolverClass>
        </role>
        <role name="Chart">
          <qualifierResolverClass>
            org.kuali.rice.krad.workflow.attribute.DataDictionaryQualifierResolver
          </qualifierResolverClass>
        </role>
      </routeNodes>
    </documentType>
    <documentType>
      <name>
        GOBJ
      </name>
      <parent>
        COA
      </parent>
      <label>
        Object Code Global
      </label>
      <helpDefinitionURL>
        default.htm?turl=WordDocuments%2Fobjectcodeglobal.htm
      </helpDefinitionURL>
      <active>
        true
      </active>
      <routingVersion>
        2
      </routingVersion>
      <routePaths>
        <routePath>
          <start name="AdHoc" nextNode="Chart"/>
          <role name="Chart"/>
        </routePath>
      </routePaths>
      <routeNodes>
        <start name="AdHoc"/>
        <role name="Chart">
          <qualifierResolverClass>
            org.kuali.rice.krad.workflow.attribute.DataDictionaryQualifierResolver
          </qualifierResolverClass>
        </role>
      </routeNodes>
    </documentType>
    <documentType>
      <name>
        OBJT
      </name>
      <parent>
        COA
      </parent>
      <label>
        Object Code
      </label>
      <helpDefinitionURL>
        default.htm?turl=WordDocuments%2Fobjectcode.htm
      </helpDefinitionURL>
      <active>
        true
      </active>
      <routingVersion>
        2
      </routingVersion>
      <routePaths>
        <routePath>
          <start name="AdHoc" nextNode="OrganizationHierarchy"/>
          <role name="OrganizationHierarchy" nextNode="Chart"/>
          <role name="Chart"/>
        </routePath>
      </routePaths>
      <routeNodes>
        <start name="AdHoc"/>
        <role name="OrganizationHierarchy">
          <qualifierResolverClass>
            org.kuali.rice.krad.workflow.attribute.DataDictionaryQualifierResolver
          </qualifierResolverClass>
        </role>
        <role name="Chart">
          <qualifierResolverClass>
            org.kuali.rice.krad.workflow.attribute.DataDictionaryQualifierResolver
          </qualifierResolverClass>
        </role>
      </routeNodes>
    </documentType>
    <documentType>
      <name>
        ORGN
      </name>
      <parent>
        COA
      </parent>
      <label>
        Organization
      </label>
      <helpDefinitionURL>
        default.htm?turl=WordDocuments%2Forganization.htm
      </helpDefinitionURL>
      <active>
        true
      </active>
      <routingVersion>
        2
      </routingVersion>
      <routePaths>
        <routePath>
          <start name="AdHoc" nextNode="OrganizationHierarchy"/>
          <role name="OrganizationHierarchy" nextNode="Chart"/>
          <role name="Chart"/>
        </routePath>
      </routePaths>
      <routeNodes>
        <start name="AdHoc"/>
        <role name="OrganizationHierarchy">
          <qualifierResolverClass>
            org.kuali.rice.krad.workflow.attribute.DataDictionaryQualifierResolver
          </qualifierResolverClass>
        </role>
        <role name="Chart">
          <qualifierResolverClass>
            org.kuali.rice.krad.workflow.attribute.DataDictionaryQualifierResolver
          </qualifierResolverClass>
        </role>
      </routeNodes>
    </documentType>
    <documentType>
      <name>
        PROJ
      </name>
      <parent>
        COA
      </parent>
      <label>
        Project Code
      </label>
      <helpDefinitionURL>
        default.htm?turl=WordDocuments%2Fprojectcode.htm
      </helpDefinitionURL>
      <active>
        true
      </active>
      <routingVersion>
        2
      </routingVersion>
      <routePaths>
        <routePath>
          <start name="AdHoc" nextNode="OrganizationHierarchy"/>
          <role name="OrganizationHierarchy"/>
        </routePath>
      </routePaths>
      <routeNodes>
        <start name="AdHoc"/>
        <role name="OrganizationHierarchy">
          <qualifierResolverClass>
            org.kuali.rice.krad.workflow.attribute.DataDictionaryQualifierResolver
          </qualifierResolverClass>
        </role>
      </routeNodes>
    </documentType>
    <documentType>
      <name>
        SACC
      </name>
      <parent>
        COA
      </parent>
      <label>
        Sub-Account
      </label>
      <helpDefinitionURL>
        default.htm?turl=WordDocuments%2Fsubaccount.htm
      </helpDefinitionURL>
      <active>
        true
      </active>
      <routingVersion>
        2
      </routingVersion>
      <routePaths>
        <routePath>
          <start name="AdHoc" nextNode="Account"/>
          <role name="Account" nextNode="OrganizationHierarchy"/>
          <role name="OrganizationHierarchy"/>
        </routePath>
      </routePaths>
      <routeNodes>
        <start name="AdHoc"/>
        <role name="Account">
          <qualifierResolverClass>
            org.kuali.rice.krad.workflow.attribute.DataDictionaryQualifierResolver
          </qualifierResolverClass>
        </role>
        <role name="OrganizationHierarchy">
          <qualifierResolverClass>
            org.kuali.rice.krad.workflow.attribute.DataDictionaryQualifierResolver
          </qualifierResolverClass>
        </role>
      </routeNodes>
    </documentType>
    <documentType>
      <name>
        SOBJ
      </name>
      <parent>
        COA
      </parent>
      <label>
        Sub-Object Code
      </label>
      <helpDefinitionURL>
        default.htm?turl=WordDocuments%2Fsubobjectcode.htm
      </helpDefinitionURL>
      <active>
        true
      </active>
      <routingVersion>
        2
      </routingVersion>
      <routePaths>
        <routePath>
          <start name="AdHoc" nextNode="Account"/>
          <role name="Account" nextNode="OrganizationHierarchy"/>
          <role name="OrganizationHierarchy"/>
        </routePath>
      </routePaths>
      <routeNodes>
        <start name="AdHoc"/>
        <role name="Account">
          <qualifierResolverClass>
            org.kuali.rice.krad.workflow.attribute.DataDictionaryQualifierResolver
          </qualifierResolverClass>
        </role>
        <role name="OrganizationHierarchy">
          <qualifierResolverClass>
            org.kuali.rice.krad.workflow.attribute.DataDictionaryQualifierResolver
          </qualifierResolverClass>
        </role>
      </routeNodes>
    </documentType>
    <documentType>
      <name>
        ACCT
      </name>
      <parent>
        COA
      </parent>
      <label>
        Account
      </label>
      <helpDefinitionURL>
        default.htm?turl=WordDocuments%2Faccount.htm
      </helpDefinitionURL>
      <active>
        true
      </active>
      <routingVersion>
        2
      </routingVersion>
      <routePaths>
        <routePath>
          <start name="AdHoc" nextNode="Account"/>
          <role name="Account" nextNode="OrganizationHierarchy"/>
          <role name="OrganizationHierarchy" nextNode="SubFund"/>
          <role name="SubFund" nextNode="Award"/>
          <role name="Award" nextNode="Chart"/>
          <role name="Chart"/>
        </routePath>
      </routePaths>
      <routeNodes>
        <start name="AdHoc"/>
        <role name="Account">
          <qualifierResolverClass>
            org.kuali.rice.krad.workflow.attribute.DataDictionaryQualifierResolver
          </qualifierResolverClass>
          <activationType>
            P
          </activationType>
        </role>
        <role name="OrganizationHierarchy">
          <qualifierResolverClass>
            org.kuali.rice.krad.workflow.attribute.DataDictionaryQualifierResolver
          </qualifierResolverClass>
          <activationType>
            P
          </activationType>
        </role>
        <role name="SubFund">
          <qualifierResolverClass>
            org.kuali.rice.krad.workflow.attribute.DataDictionaryQualifierResolver
          </qualifierResolverClass>
          <activationType>
            P
          </activationType>
        </role>
        <role name="Award">
          <qualifierResolverClass>
            org.kuali.rice.krad.workflow.attribute.DataDictionaryQualifierResolver
          </qualifierResolverClass>
          <activationType>
            P
          </activationType>
        </role>
        <role name="Chart">
          <qualifierResolverClass>
            org.kuali.rice.krad.workflow.attribute.DataDictionaryQualifierResolver
          </qualifierResolverClass>
          <activationType>
            P
          </activationType>
        </role>
      </routeNodes>
    </documentType>
    <documentType>
      <name>
        ORR
      </name>
      <parent>
        OR
      </parent>
      <label>
        Organization Review Role
      </label>
      <helpDefinitionURL>
        default.htm?turl=WordDocuments%2Forganizationreview.htm
      </helpDefinitionURL>
      <active>
        true
      </active>
      <routingVersion>
        2
      </routingVersion>
      <routePaths>
        <routePath>
          <start name="AdHoc" nextNode="OrganizationHierarchy"/>
          <role name="OrganizationHierarchy"/>
        </routePath>
      </routePaths>
      <routeNodes>
        <start name="AdHoc"/>
        <role name="OrganizationHierarchy">
          <qualifierResolverClass>
            org.kuali.rice.krad.workflow.attribute.DataDictionaryQualifierResolver
          </qualifierResolverClass>
          <activationType>
            P
          </activationType>
        </role>
      </routeNodes>
    </documentType>
    <documentType>
      <name>
        ORG
      </name>
      <parent>
        OR
      </parent>
      <label>
        Organization Review Group
      </label>
      <active>
        true
      </active>
      <routingVersion>
        2
      </routingVersion>
      <routePaths>
        <routePath>
          <start name="AdHoc" nextNode="OrganizationHierarchy"/>
          <role name="OrganizationHierarchy"/>
        </routePath>
      </routePaths>
      <routeNodes>
        <start name="AdHoc"/>
        <role name="OrganizationHierarchy">
          <qualifierResolverClass>
            org.kuali.kfs.coa.document.workflow.OrganizationGroupTypeQualifierResolver
          </qualifierResolverClass>
          <activationType>
            P
          </activationType>
        </role>
      </routeNodes>
    </documentType>
  </documentTypes>
</data>
