<!--
 Copyright 2012 The Kuali Foundation
 
 Licensed under the Educational Community License, Version 2.0 (the "License");
 you may not use this file except in compliance with the License.
 You may obtain a copy of the License at
 
 http://www.opensource.org/licenses/ecl2.php
 
 Unless required by applicable law or agreed to in writing, software
 distributed under the License is distributed on an "AS IS" BASIS,
 WITHOUT WARRANTIES OR CONDITIONS OF ANY KIND, either express or implied.
 See the License for the specific language governing permissions and
 limitations under the License.
-->
<data xmlns="ns:workflow" xsi:schemaLocation="ns:workflow resource:WorkflowData" xmlns:xsi="http://www.w3.org/2001/XMLSchema-instance">
  <documentTypes xmlns="ns:workflow/DocumentType" xsi:schemaLocation="ns:workflow/DocumentType resource:DocumentType">
    <documentType>
      <name>
        AD
      </name>
      <parent>
        FP
      </parent>
      <label>
        Advance Deposit
      </label>
      <docHandler>
        ${kfs.url}/financialAdvanceDeposit.do?methodToCall=docHandler
      </docHandler>
      <helpDefinitionURL>
        default.htm?turl=WordDocuments%2Fadvancedeposit.htm
      </helpDefinitionURL>
      <active>
        true
      </active>
      <routingVersion>
        2
      </routingVersion>
      <routePaths>
        <routePath>
          <start name="AdHoc"/>
        </routePath>
      </routePaths>
      <routeNodes>
        <start name="AdHoc"/>
      </routeNodes>
    </documentType>
    <documentType>
      <name>
        CMD
      </name>
      <parent>
        FP
      </parent>
      <label>
        Cash Management
      </label>
      <docHandler>
        ${kfs.url}/financialCashManagement.do?methodToCall=docHandler
      </docHandler>
      <helpDefinitionURL>
        default.htm?turl=WordDocuments%2Fcashmanagement.htm
      </helpDefinitionURL>
      <active>
        true
      </active>
      <routingVersion>
        2
      </routingVersion>
      <routePaths>
        <routePath>
          <start name="AdHoc"/>
        </routePath>
      </routePaths>
      <routeNodes>
        <start name="AdHoc"/>
      </routeNodes>
    </documentType>
    <documentType>
      <name>
        CR
      </name>
      <parent>
        FP
      </parent>
      <label>
        Cash Receipt
      </label>
      <docHandler>
        ${kfs.url}/financialCashReceipt.do?methodToCall=docHandler
      </docHandler>
      <helpDefinitionURL>
        default.htm?turl=WordDocuments%2Fcashreceipt.htm
      </helpDefinitionURL>
      <active>
        true
      </active>
      <routingVersion>
        2
      </routingVersion>
      <routePaths>
        <routePath>
          <start name="AdHoc" nextNode="CashManagement"/>
          <role name="CashManagement"/>
        </routePath>
      </routePaths>
      <routeNodes>
        <start name="AdHoc"/>
        <role name="CashManagement">
          <qualifierResolverClass>
            org.kuali.rice.krad.workflow.attribute.DataDictionaryQualifierResolver
          </qualifierResolverClass>
          <mandatoryRoute>
            true
          </mandatoryRoute>
        </role>
      </routeNodes>
    </documentType>
    <documentType>
      <name>
        CCR
      </name>
      <parent>
        FP
      </parent>
      <label>
        Credit Card Receipt
      </label>
      <docHandler>
        ${kfs.url}/financialCreditCardReceipt.do?methodToCall=docHandler
      </docHandler>
      <helpDefinitionURL>
        default.htm?turl=WordDocuments%2Fcreditcardreceipt.htm
      </helpDefinitionURL>
      <active>
        true
      </active>
      <routingVersion>
        2
      </routingVersion>
      <routePaths>
        <routePath>
          <start name="AdHoc"/>
        </routePath>
      </routePaths>
      <routeNodes>
        <start name="AdHoc"/>
      </routeNodes>
    </documentType>
    <documentType>
      <name>
        JV
      </name>
      <parent>
        FP
      </parent>
      <label>
        Journal Voucher
      </label>
      <docHandler>
        ${kfs.url}/financialJournalVoucher.do?methodToCall=docHandler
      </docHandler>
      <helpDefinitionURL>
        default.htm?turl=WordDocuments%2Fjournalvoucher.htm
      </helpDefinitionURL>
      <active>
        true
      </active>
      <routingVersion>
        2
      </routingVersion>
      <routePaths>
        <routePath>
          <start name="AdHoc"/>
        </routePath>
      </routePaths>
      <routeNodes>
        <start name="AdHoc"/>
      </routeNodes>
    </documentType>
    <documentType>
      <name>
        SB
      </name>
      <parent>
        FP
      </parent>
      <label>
        Service Billing
      </label>
      <docHandler>
        ${kfs.url}/financialServiceBilling.do?methodToCall=docHandler
      </docHandler>
      <helpDefinitionURL>
        default.htm?turl=WordDocuments%2Fservicebilling.htm
      </helpDefinitionURL>
      <active>
        true
      </active>
      <routingVersion>
        2
      </routingVersion>
      <routePaths>
        <routePath>
          <start name="AdHoc"/>
        </routePath>
      </routePaths>
      <routeNodes>
        <start name="AdHoc"/>
      </routeNodes>
    </documentType>
    <documentType>
      <name>
        AV
      </name>
      <parent>
        FP
      </parent>
      <label>
        Auxiliary Voucher
      </label>
      <docHandler>
        ${kfs.url}/financialAuxiliaryVoucher.do?methodToCall=docHandler
      </docHandler>
      <helpDefinitionURL>
        default.htm?turl=WordDocuments%2Fauxiliaryvoucher.htm
      </helpDefinitionURL>
      <active>
        true
      </active>
      <routingVersion>
        2
      </routingVersion>
      <routePaths>
        <routePath>
          <start name="AdHoc" nextNode="Account"/>
          <role name="Account" nextNode="AccountingOrganizationHierarchy"/>
          <role name="AccountingOrganizationHierarchy"/>
        </routePath>
      </routePaths>
      <routeNodes>
        <start name="AdHoc"/>
        <role name="Account">
          <qualifierResolverClass>
            org.kuali.rice.krad.workflow.attribute.DataDictionaryQualifierResolver
          </qualifierResolverClass>
          <activationType>
            P
          </activationType>
        </role>
        <role name="AccountingOrganizationHierarchy">
          <qualifierResolverClass>
            org.kuali.rice.krad.workflow.attribute.DataDictionaryQualifierResolver
          </qualifierResolverClass>
          <activationType>
            P
          </activationType>
        </role>
      </routeNodes>
    </documentType>
    <documentType>
      <name>
        BA
      </name>
      <parent>
        FP
      </parent>
      <label>
        Budget Adjustment
      </label>
      <docHandler>
        ${kfs.url}/financialBudgetAdjustment.do?methodToCall=docHandler
      </docHandler>
      <helpDefinitionURL>
        default.htm?turl=WordDocuments%2Fbudgetadjustment.htm
      </helpDefinitionURL>
      <active>
        true
      </active>
      <routingVersion>
        2
      </routingVersion>
      <routePaths>
        <routePath>
          <start name="AdHoc" nextNode="RequiresFullApproval"/>
          <split name="RequiresFullApproval">
            <branch name="True">
              <role name="Account" nextNode="AccountingOrganizationHierarchy"/>
              <role name="AccountingOrganizationHierarchy" nextNode="SubFund"/>
              <role name="SubFund" nextNode="Award"/>
              <role name="Award" nextNode="JoinRequiresFullApproval"/>
            </branch>
            <branch name="False">
              <simple name="Do Nothing" nextNode="JoinRequiresFullApproval"/>
            </branch>
            <join name="JoinRequiresFullApproval"/>
          </split>
        </routePath>
      </routePaths>
      <routeNodes>
        <start name="AdHoc"/>
        <split name="RequiresFullApproval">
          <type>
            org.kuali.kfs.sys.document.workflow.SimpleBooleanSplitNode
          </type>
        </split>
        <role name="Account">
          <qualifierResolverClass>
            org.kuali.rice.krad.workflow.attribute.DataDictionaryQualifierResolver
          </qualifierResolverClass>
          <activationType>
            P
          </activationType>
        </role>
        <role name="AccountingOrganizationHierarchy">
          <qualifierResolverClass>
            org.kuali.rice.krad.workflow.attribute.DataDictionaryQualifierResolver
          </qualifierResolverClass>
          <activationType>
            P
          </activationType>
        </role>
        <role name="SubFund">
          <qualifierResolverClass>
            org.kuali.rice.krad.workflow.attribute.DataDictionaryQualifierResolver
          </qualifierResolverClass>
          <activationType>
            P
          </activationType>
        </role>
        <role name="Award">
          <qualifierResolverClass>
            org.kuali.rice.krad.workflow.attribute.DataDictionaryQualifierResolver
          </qualifierResolverClass>
          <activationType>
            P
          </activationType>
        </role>
        <join name="JoinRequiresFullApproval"/>
        <simple name="Do Nothing">
          <type>
            org.kuali.rice.kew.engine.node.NoOpNode
          </type>
        </simple>
      </routeNodes>
    </documentType>
    <documentType>
      <name>
        DI
      </name>
      <parent>
        FP
      </parent>
      <label>
        Distribution Of Income And Expense
      </label>
      <docHandler>
        ${kfs.url}/financialDistributionOfIncomeAndExpense.do?methodToCall=docHandler
      </docHandler>
      <helpDefinitionURL>
        default.htm?turl=WordDocuments%2Fdistributionofincomeandexpense.htm
      </helpDefinitionURL>
      <active>
        true
      </active>
      <routingVersion>
        2
      </routingVersion>
      <routePaths>
        <routePath>
          <start name="AdHoc" nextNode="Account"/>
          <role name="Account" nextNode="AccountingOrganizationHierarchy"/>
          <role name="AccountingOrganizationHierarchy" nextNode="SubFund"/>
          <role name="SubFund" nextNode="Award"/>
          <role name="Award"/>
        </routePath>
      </routePaths>
      <routeNodes>
        <start name="AdHoc"/>
        <role name="Account">
          <qualifierResolverClass>
            org.kuali.rice.krad.workflow.attribute.DataDictionaryQualifierResolver
          </qualifierResolverClass>
          <activationType>
            P
          </activationType>
        </role>
        <role name="AccountingOrganizationHierarchy">
          <qualifierResolverClass>
            org.kuali.rice.krad.workflow.attribute.DataDictionaryQualifierResolver
          </qualifierResolverClass>
          <activationType>
            P
          </activationType>
        </role>
        <role name="SubFund">
          <qualifierResolverClass>
            org.kuali.rice.krad.workflow.attribute.DataDictionaryQualifierResolver
          </qualifierResolverClass>
          <activationType>
            P
          </activationType>
        </role>
        <role name="Award">
          <qualifierResolverClass>
            org.kuali.rice.krad.workflow.attribute.DataDictionaryQualifierResolver
          </qualifierResolverClass>
          <activationType>
            P
          </activationType>
        </role>
      </routeNodes>
    </documentType>
    <documentType>
      <name>
        GEC
      </name>
      <parent>
        FP
      </parent>
      <label>
        General Error Correction
      </label>
      <docHandler>
        ${kfs.url}/financialGeneralErrorCorrection.do?methodToCall=docHandler
      </docHandler>
      <helpDefinitionURL>
        default.htm?turl=WordDocuments%2Fgeneralerrorcorrection.htm
      </helpDefinitionURL>
      <active>
        true
      </active>
      <routingVersion>
        2
      </routingVersion>
      <routePaths>
        <routePath>
          <start name="AdHoc" nextNode="Account"/>
          <role name="Account" nextNode="AccountingOrganizationHierarchy"/>
          <role name="AccountingOrganizationHierarchy" nextNode="SubFund"/>
          <role name="SubFund" nextNode="Award"/>
          <role name="Award"/>
        </routePath>
      </routePaths>
      <routeNodes>
        <start name="AdHoc"/>
        <role name="Account">
          <qualifierResolverClass>
            org.kuali.rice.krad.workflow.attribute.DataDictionaryQualifierResolver
          </qualifierResolverClass>
          <activationType>
            P
          </activationType>
        </role>
        <role name="AccountingOrganizationHierarchy">
          <qualifierResolverClass>
            org.kuali.rice.krad.workflow.attribute.DataDictionaryQualifierResolver
          </qualifierResolverClass>
          <activationType>
            P
          </activationType>
        </role>
        <role name="SubFund">
          <qualifierResolverClass>
            org.kuali.rice.krad.workflow.attribute.DataDictionaryQualifierResolver
          </qualifierResolverClass>
          <activationType>
            P
          </activationType>
        </role>
        <role name="Award">
          <qualifierResolverClass>
            org.kuali.rice.krad.workflow.attribute.DataDictionaryQualifierResolver
          </qualifierResolverClass>
          <activationType>
            P
          </activationType>
        </role>
      </routeNodes>
    </documentType>
    <documentType>
      <name>
        ICA
      </name>
      <parent>
        FP
      </parent>
      <label>
        Indirect Cost Adjustment
      </label>
      <docHandler>
        ${kfs.url}/financialIndirectCostAdjustment.do?methodToCall=docHandler
      </docHandler>
      <helpDefinitionURL>
        default.htm?turl=WordDocuments%2Findirectcostadjustment.htm
      </helpDefinitionURL>
      <active>
        true
      </active>
      <routingVersion>
        2
      </routingVersion>
      <routePaths>
        <routePath>
          <start name="AdHoc" nextNode="Account"/>
          <role name="Account" nextNode="AccountingOrganizationHierarchy"/>
          <role name="AccountingOrganizationHierarchy" nextNode="SubFund"/>
          <role name="SubFund" nextNode="Award"/>
          <role name="Award"/>
        </routePath>
      </routePaths>
      <routeNodes>
        <start name="AdHoc"/>
        <role name="Account">
          <qualifierResolverClass>
            org.kuali.rice.krad.workflow.attribute.DataDictionaryQualifierResolver
          </qualifierResolverClass>
          <activationType>
            P
          </activationType>
        </role>
        <role name="AccountingOrganizationHierarchy">
          <qualifierResolverClass>
            org.kuali.rice.krad.workflow.attribute.DataDictionaryQualifierResolver
          </qualifierResolverClass>
          <activationType>
            P
          </activationType>
        </role>
        <role name="SubFund">
          <qualifierResolverClass>
            org.kuali.rice.krad.workflow.attribute.DataDictionaryQualifierResolver
          </qualifierResolverClass>
          <activationType>
            P
          </activationType>
        </role>
        <role name="Award">
          <qualifierResolverClass>
            org.kuali.rice.krad.workflow.attribute.DataDictionaryQualifierResolver
          </qualifierResolverClass>
          <activationType>
            P
          </activationType>
        </role>
      </routeNodes>
    </documentType>
    <documentType>
      <name>
        ND
      </name>
      <parent>
        FP
      </parent>
      <label>
        Non-Check Disbursement
      </label>
      <docHandler>
        ${kfs.url}/financialNonCheckDisbursement.do?methodToCall=docHandler
      </docHandler>
      <helpDefinitionURL>
        default.htm?turl=WordDocuments%2Fnoncheckdisbursement.htm
      </helpDefinitionURL>
      <active>
        true
      </active>
      <routingVersion>
        2
      </routingVersion>
      <routePaths>
        <routePath>
          <start name="AdHoc" nextNode="Account"/>
          <role name="Account" nextNode="AccountingOrganizationHierarchy"/>
          <role name="AccountingOrganizationHierarchy" nextNode="SubFund"/>
          <role name="SubFund" nextNode="Award"/>
          <role name="Award"/>
        </routePath>
      </routePaths>
      <routeNodes>
        <start name="AdHoc"/>
        <role name="Account">
          <qualifierResolverClass>
            org.kuali.rice.krad.workflow.attribute.DataDictionaryQualifierResolver
          </qualifierResolverClass>
          <activationType>
            P
          </activationType>
        </role>
        <role name="AccountingOrganizationHierarchy">
          <qualifierResolverClass>
            org.kuali.rice.krad.workflow.attribute.DataDictionaryQualifierResolver
          </qualifierResolverClass>
          <activationType>
            P
          </activationType>
        </role>
        <role name="SubFund">
          <qualifierResolverClass>
            org.kuali.rice.krad.workflow.attribute.DataDictionaryQualifierResolver
          </qualifierResolverClass>
          <activationType>
            P
          </activationType>
        </role>
        <role name="Award">
          <qualifierResolverClass>
            org.kuali.rice.krad.workflow.attribute.DataDictionaryQualifierResolver
          </qualifierResolverClass>
          <activationType>
            P
          </activationType>
        </role>
      </routeNodes>
    </documentType>
    <documentType>
      <name>
        PE
      </name>
      <parent>
        FP
      </parent>
      <label>
        Pre-Encumbrance
      </label>
      <docHandler>
        ${kfs.url}/financialPreEncumbrance.do?methodToCall=docHandler
      </docHandler>
      <helpDefinitionURL>
        default.htm?turl=WordDocuments%2Fpreencumbrance.htm
      </helpDefinitionURL>
      <active>
        true
      </active>
      <routingVersion>
        2
      </routingVersion>
      <routePaths>
        <routePath>
          <start name="AdHoc" nextNode="Account"/>
          <role name="Account" nextNode="AccountingOrganizationHierarchy"/>
          <role name="AccountingOrganizationHierarchy" nextNode="SubFund"/>
          <role name="SubFund"/>
        </routePath>
      </routePaths>
      <routeNodes>
        <start name="AdHoc"/>
        <role name="Account">
          <qualifierResolverClass>
            org.kuali.rice.krad.workflow.attribute.DataDictionaryQualifierResolver
          </qualifierResolverClass>
          <activationType>
            P
          </activationType>
        </role>
        <role name="AccountingOrganizationHierarchy">
          <qualifierResolverClass>
            org.kuali.rice.krad.workflow.attribute.DataDictionaryQualifierResolver
          </qualifierResolverClass>
          <activationType>
            P
          </activationType>
        </role>
        <role name="SubFund">
          <qualifierResolverClass>
            org.kuali.rice.krad.workflow.attribute.DataDictionaryQualifierResolver
          </qualifierResolverClass>
          <activationType>
            P
          </activationType>
        </role>
      </routeNodes>
    </documentType>
    <documentType>
      <name>
        PCDO
      </name>
      <parent>
        FP
      </parent>
      <label>
        Procurement Card
      </label>
      <docHandler>
        ${kfs.url}/financialProcurementCard.do?methodToCall=docHandler
      </docHandler>
      <helpDefinitionURL>
        default.htm?turl=WordDocuments%2Fprocurementcard.htm
      </helpDefinitionURL>
      <active>
        true
      </active>
      <routingVersion>
        2
      </routingVersion>
      <routePaths>
        <routePath>
          <start name="AdHoc" nextNode="AccountFullEdit"/>
          <role name="AccountFullEdit" nextNode="Account"/>
          <role name="Account" nextNode="AccountingOrganizationHierarchy"/>
          <role name="AccountingOrganizationHierarchy" nextNode="SubFund"/>
          <role name="SubFund"/>
        </routePath>
      </routePaths>
      <routeNodes>
        <start name="AdHoc"/>
        <role name="AccountFullEdit">
          <qualifierResolverClass>
            org.kuali.rice.krad.workflow.attribute.DataDictionaryQualifierResolver
          </qualifierResolverClass>
        </role>
        <role name="Account">
          <qualifierResolverClass>
            org.kuali.rice.krad.workflow.attribute.DataDictionaryQualifierResolver
          </qualifierResolverClass>
          <activationType>
            P
          </activationType>
        </role>
        <role name="AccountingOrganizationHierarchy">
          <qualifierResolverClass>
            org.kuali.rice.krad.workflow.attribute.DataDictionaryQualifierResolver
          </qualifierResolverClass>
          <activationType>
            P
          </activationType>
        </role>
        <role name="SubFund">
          <qualifierResolverClass>
            org.kuali.rice.krad.workflow.attribute.DataDictionaryQualifierResolver
          </qualifierResolverClass>
          <activationType>
            P
          </activationType>
        </role>
      </routeNodes>
    </documentType>
    <documentType>
      <name>
        TF
      </name>
      <parent>
        FP
      </parent>
      <label>
        Transfer Of Funds
      </label>
      <docHandler>
        ${kfs.url}/financialTransferOfFunds.do?methodToCall=docHandler
      </docHandler>
      <helpDefinitionURL>
        default.htm?turl=WordDocuments%2Ftransferoffunds.htm
      </helpDefinitionURL>
      <active>
        true
      </active>
      <routingVersion>
        2
      </routingVersion>
      <routePaths>
        <routePath>
          <start name="AdHoc" nextNode="Account"/>
          <role name="Account" nextNode="AccountingOrganizationHierarchy"/>
          <role name="AccountingOrganizationHierarchy" nextNode="SubFund"/>
          <role name="SubFund" nextNode="Award"/>
          <role name="Award"/>
        </routePath>
      </routePaths>
      <routeNodes>
        <start name="AdHoc"/>
        <role name="Account">
          <qualifierResolverClass>
            org.kuali.rice.krad.workflow.attribute.DataDictionaryQualifierResolver
          </qualifierResolverClass>
          <activationType>
            P
          </activationType>
        </role>
        <role name="AccountingOrganizationHierarchy">
          <qualifierResolverClass>
            org.kuali.rice.krad.workflow.attribute.DataDictionaryQualifierResolver
          </qualifierResolverClass>
          <activationType>
            P
          </activationType>
        </role>
        <role name="SubFund">
          <qualifierResolverClass>
            org.kuali.rice.krad.workflow.attribute.DataDictionaryQualifierResolver
          </qualifierResolverClass>
          <activationType>
            P
          </activationType>
        </role>
        <role name="Award">
          <qualifierResolverClass>
            org.kuali.rice.krad.workflow.attribute.DataDictionaryQualifierResolver
          </qualifierResolverClass>
          <activationType>
            P
          </activationType>
        </role>
      </routeNodes>
    </documentType>
    <documentType>
      <name>
        FPYE
      </name>
      <parent>
        FP
      </parent>
      <label>
        FinancialProcessingYearEndTransactionalDocument
      </label>
      <active>
        true
      </active>
      <routingVersion>
        2
      </routingVersion>
      <routePaths>
        <routePath>
          <start name="AdHoc" nextNode="AccountingOrganizationHierarchy"/>
          <role name="AccountingOrganizationHierarchy" nextNode="SubFund"/>
          <role name="SubFund" nextNode="Award"/>
          <role name="Award"/>
        </routePath>
      </routePaths>
      <routeNodes>
        <start name="AdHoc"/>
        <role name="AccountingOrganizationHierarchy">
          <qualifierResolverClass>
            org.kuali.rice.krad.workflow.attribute.DataDictionaryQualifierResolver
          </qualifierResolverClass>
          <activationType>
            P
          </activationType>
        </role>
        <role name="SubFund">
          <qualifierResolverClass>
            org.kuali.rice.krad.workflow.attribute.DataDictionaryQualifierResolver
          </qualifierResolverClass>
          <activationType>
            P
          </activationType>
        </role>
        <role name="Award">
          <qualifierResolverClass>
            org.kuali.rice.krad.workflow.attribute.DataDictionaryQualifierResolver
          </qualifierResolverClass>
          <activationType>
            P
          </activationType>
        </role>
      </routeNodes>
    </documentType>
    <documentType>
      <name>
        IB
      </name>
      <parent>
        FP
      </parent>
      <label>
        Internal Billing
      </label>
      <docHandler>
        ${kfs.url}/financialInternalBilling.do?methodToCall=docHandler
      </docHandler>
      <helpDefinitionURL>
        default.htm?turl=WordDocuments%2Finternalbilling.htm
      </helpDefinitionURL>
      <active>
        true
      </active>
      <routingVersion>
        2
      </routingVersion>
      <routePaths>
        <routePath>
          <start name="AdHoc" nextNode="Account"/>
          <role name="Account" nextNode="AccountingOrganizationHierarchy"/>
          <role name="AccountingOrganizationHierarchy" nextNode="SubFund"/>
          <role name="SubFund"/>
        </routePath>
      </routePaths>
      <routeNodes>
        <start name="AdHoc"/>
        <role name="Account">
          <qualifierResolverClass>
            org.kuali.rice.krad.workflow.attribute.DataDictionaryQualifierResolver
          </qualifierResolverClass>
          <activationType>
            P
          </activationType>
        </role>
        <role name="AccountingOrganizationHierarchy">
          <qualifierResolverClass>
            org.kuali.rice.krad.workflow.attribute.DataDictionaryQualifierResolver
          </qualifierResolverClass>
          <activationType>
            P
          </activationType>
        </role>
        <role name="SubFund">
          <qualifierResolverClass>
            org.kuali.rice.krad.workflow.attribute.DataDictionaryQualifierResolver
          </qualifierResolverClass>
          <activationType>
            P
          </activationType>
        </role>
      </routeNodes>
    </documentType>
    <documentType>
      <name>
        DV
      </name>
      <parent>
        FP
      </parent>
      <label>
        Disbursement Voucher
      </label>
      <docHandler>
        ${kfs.url}/financialDisbursementVoucher.do?methodToCall=docHandler
      </docHandler>
      <helpDefinitionURL>
        default.htm?turl=WordDocuments%2Fdisbursementvoucher.htm
      </helpDefinitionURL>
      <docSearchHelpURL>
        ${kfs.externalizable.help.url}/default.htm?turl=WordDocuments%2Fdisbursementvouchers.htm
      </docSearchHelpURL>
      <active>
        true
      </active>
      <routingVersion>
        2
      </routingVersion>
      <routePaths>
        <routePath>
          <start name="AdHoc" nextNode="PayeeIsPurchaseOrderVendor"/>
          <split name="PayeeIsPurchaseOrderVendor" nextNode="Account">
            <branch name="True">
              <role name="Purchasing" nextNode="JoinPayeeIsPurchaseOrderVendor"/>
            </branch>
            <branch name="False">
              <simple name="NoOpPayee" nextNode="JoinPayeeIsPurchaseOrderVendor"/>
            </branch>
            <join name="JoinPayeeIsPurchaseOrderVendor"/>
          </split>
          <role name="Account" nextNode="AccountingOrganizationHierarchy"/>
          <role name="AccountingOrganizationHierarchy" nextNode="RequiresTaxReview"/>
          <split name="RequiresTaxReview" nextNode="Award">
            <branch name="True">
              <role name="Tax" nextNode="JoinRequiresTaxReview"/>
            </branch>
            <branch name="False">
              <simple name="NoOpTaxReview" nextNode="JoinRequiresTaxReview"/>
            </branch>
            <join name="JoinRequiresTaxReview"/>
          </split>
          <role name="Award" nextNode="RequiresTravelReview"/>
          <split name="RequiresTravelReview" nextNode="Campus">
            <branch name="True">
              <role name="Travel" nextNode="JoinRequiresTravelReview"/>
            </branch>
            <branch name="False">
              <simple name="NoOpTravelReview" nextNode="JoinRequiresTravelReview"/>
            </branch>
            <join name="JoinRequiresTravelReview"/>
          </split>
          <role name="Campus" nextNode="PaymentMethod"/>
          <role name="PaymentMethod" nextNode="RequiresSeparationOfDutiesReview"/>
          <split name="RequiresSeparationOfDutiesReview">
            <branch name="True">
              <role name="SeparationOfDuties" nextNode="Join"/>
            </branch>
            <branch name="False">
              <simple name="NoOp" nextNode="Join"/>
            </branch>
            <join name="Join"/>
          </split>
        </routePath>
      </routePaths>
      <routeNodes>
        <start name="AdHoc"/>
        <split name="PayeeIsPurchaseOrderVendor">
          <type>
            org.kuali.kfs.sys.document.workflow.SimpleBooleanSplitNode
          </type>
        </split>
        <role name="Purchasing">
          <qualifierResolverClass>
            org.kuali.rice.krad.workflow.attribute.DataDictionaryQualifierResolver
          </qualifierResolverClass>
          <activationType>
            P
          </activationType>
        </role>
        <join name="JoinPayeeIsPurchaseOrderVendor"/>
        <simple name="NoOpPayee">
          <type>
            org.kuali.rice.kew.engine.node.NoOpNode
          </type>
        </simple>
        <role name="Account">
          <qualifierResolverClass>
            org.kuali.rice.krad.workflow.attribute.DataDictionaryQualifierResolver
          </qualifierResolverClass>
          <activationType>
            P
          </activationType>
        </role>
        <role name="AccountingOrganizationHierarchy">
          <qualifierResolverClass>
            org.kuali.rice.krad.workflow.attribute.DataDictionaryQualifierResolver
          </qualifierResolverClass>
          <activationType>
            P
          </activationType>
        </role>
        <split name="RequiresTaxReview">
          <type>
            org.kuali.kfs.sys.document.workflow.SimpleBooleanSplitNode
          </type>
        </split>
        <role name="Tax">
          <qualifierResolverClass>
            org.kuali.rice.krad.workflow.attribute.DataDictionaryQualifierResolver
          </qualifierResolverClass>
          <activationType>
            P
          </activationType>
        </role>
        <join name="JoinRequiresTaxReview"/>
        <simple name="NoOpTaxReview">
          <type>
            org.kuali.rice.kew.engine.node.NoOpNode
          </type>
        </simple>
        <role name="Award">
          <qualifierResolverClass>
            org.kuali.rice.krad.workflow.attribute.DataDictionaryQualifierResolver
          </qualifierResolverClass>
          <activationType>
            P
          </activationType>
        </role>
        <split name="RequiresTravelReview">
          <type>
            org.kuali.kfs.sys.document.workflow.SimpleBooleanSplitNode
          </type>
        </split>
        <role name="Travel">
          <qualifierResolverClass>
            org.kuali.rice.krad.workflow.attribute.DataDictionaryQualifierResolver
          </qualifierResolverClass>
          <activationType>
            P
          </activationType>
        </role>
        <join name="JoinRequiresTravelReview"/>
        <simple name="NoOpTravelReview">
          <type>
            org.kuali.rice.kew.engine.node.NoOpNode
          </type>
        </simple>
        <role name="Campus">
          <qualifierResolverClass>
            org.kuali.rice.krad.workflow.attribute.DataDictionaryQualifierResolver
          </qualifierResolverClass>
          <activationType>
            P
          </activationType>
        </role>
        <role name="PaymentMethod">
          <qualifierResolverClass>
            org.kuali.rice.krad.workflow.attribute.DataDictionaryQualifierResolver
          </qualifierResolverClass>
          <activationType>
            P
          </activationType>
        </role>
        <split name="RequiresSeparationOfDutiesReview">
          <type>
            org.kuali.kfs.sys.document.workflow.SimpleBooleanSplitNode
          </type>
        </split>
        <role name="SeparationOfDuties">
          <qualifierResolverClass>
            org.kuali.rice.krad.workflow.attribute.DataDictionaryQualifierResolver
          </qualifierResolverClass>
        </role>
        <join name="Join"/>
        <simple name="NoOp">
          <type>
            org.kuali.rice.kew.engine.node.NoOpNode
          </type>
        </simple>
      </routeNodes>
    </documentType>
    <documentType>
      <name>
        YEBA
      </name>
      <parent>
        FPYE
      </parent>
      <label>
        Year End Budget Adjustment
      </label>
      <docHandler>
        ${kfs.url}/financialYearEndBudgetAdjustment.do?methodToCall=docHandler
      </docHandler>
      <helpDefinitionURL>
        ${kfs.externalizable.help.url}/default.htm?turl=WordDocuments%2Fyearendedocs1.htm
      </helpDefinitionURL>
      <active>
        true
      </active>
      <routingVersion>
        2
      </routingVersion>
    </documentType>
    <documentType>
      <name>
        YEDI
      </name>
      <parent>
        FPYE
      </parent>
      <label>
        Year End Distribution Of Income And Expense
      </label>
      <docHandler>
        ${kfs.url}/financialYearEndDistributionOfIncomeAndExpense.do?methodToCall=docHandler
      </docHandler>
      <helpDefinitionURL>
        ${kfs.externalizable.help.url}/default.htm?turl=WordDocuments%2Fyearendedocs1.htm
      </helpDefinitionURL>
      <active>
        true
      </active>
      <routingVersion>
        2
      </routingVersion>
    </documentType>
    <documentType>
      <name>
        YEGE
      </name>
      <parent>
        FPYE
      </parent>
      <label>
        Year End General Error Correction
      </label>
      <docHandler>
        ${kfs.url}/financialYearEndGeneralErrorCorrection.do?methodToCall=docHandler
      </docHandler>
      <helpDefinitionURL>
      	default.htm?turl=WordDocuments%2Fyearendedocs1.htm
      </helpDefinitionURL>
      <active>
        true
      </active>
      <routingVersion>
        2
      </routingVersion>
    </documentType>
    <documentType>
      <name>
        YETF
      </name>
      <parent>
        FPYE
      </parent>
      <label>
        Year End Transfer Of Funds
      </label>
      <docHandler>
        ${kfs.url}/financialYearEndTransferOfFunds.do?methodToCall=docHandler
      </docHandler>
      <helpDefinitionURL>
      	default.htm?turl=WordDocuments%2Fyearendedocs1.htm
      </helpDefinitionURL>
      <active>
        true
      </active>
      <routingVersion>
        2
      </routingVersion>
    </documentType>
  </documentTypes>
</data>
