<!--
 Copyright 2012 The Kuali Foundation
 
 Licensed under the Educational Community License, Version 2.0 (the "License");
 you may not use this file except in compliance with the License.
 You may obtain a copy of the License at
 
 http://www.opensource.org/licenses/ecl2.php
 
 Unless required by applicable law or agreed to in writing, software
 distributed under the License is distributed on an "AS IS" BASIS,
 WITHOUT WARRANTIES OR CONDITIONS OF ANY KIND, either express or implied.
 See the License for the specific language governing permissions and
 limitations under the License.
-->
<data xmlns="ns:workflow" xsi:schemaLocation="ns:workflow resource:WorkflowData" xmlns:xsi="http://www.w3.org/2001/XMLSchema-instance">
  <documentTypes xmlns="ns:workflow/DocumentType" xsi:schemaLocation="ns:workflow/DocumentType resource:DocumentType">
    <documentType>
      <name>
        CDS
      </name>
      <parent>
        FPSM
      </parent>
      <label>
        Cash Drawer
      </label>
      <helpDefinitionURL>
        default.htm?turl=WordDocuments%2Fcashdrawer.htm
      </helpDefinitionURL>
      <active>
        true
      </active>
      <routingVersion>
        2
      </routingVersion>
    </documentType>
    <documentType>
      <name>
        CCTY
      </name>
      <parent>
        FPSM
      </parent>
      <label>
        Credit Card Type
      </label>
      <helpDefinitionURL>
        default.htm?turl=WordDocuments%2Fcreditcardtype.htm
      </helpDefinitionURL>
      <active>
        true
      </active>
      <routingVersion>
        2
      </routingVersion>
    </documentType>
    <documentType>
      <name>
        CCVN
      </name>
      <parent>
        FPSM
      </parent>
      <label>
        Credit Card Vendor
      </label>
      <helpDefinitionURL>
        default.htm?turl=WordDocuments%2Fcreditcardvendor.htm
      </helpDefinitionURL>
      <active>
        true
      </active>
      <routingVersion>
        2
      </routingVersion>
    </documentType>
    <documentType>
      <name>
        DVDL
      </name>
      <parent>
        FPSM
      </parent>
      <label>
        Disbursement Voucher Documentation Location
      </label>
      <helpDefinitionURL>
        default.htm?turl=WordDocuments%2Fdisbursementvoucherdocumentationlocation.htm
      </helpDefinitionURL>
      <active>
        true
      </active>
      <routingVersion>
        2
      </routingVersion>
    </documentType>
    <documentType>
      <name>
        BFYC
      </name>
      <parent>
        FPSM
      </parent>
      <label>
        Fiscal Year Function Control
      </label>
      <helpDefinitionURL>
        default.htm?turl=WordDocuments%2Ffiscalyearfunctioncontrol.htm
      </helpDefinitionURL>
      <active>
        true
      </active>
      <routingVersion>
        2
      </routingVersion>
    </documentType>
    <documentType>
      <name>
        BFNC
      </name>
      <parent>
        FPSM
      </parent>
      <label>
        Function Control Code
      </label>
      <helpDefinitionURL>
        default.htm?turl=WordDocuments%2Ffunctioncontrolcode.htm
      </helpDefinitionURL>
      <active>
        true
      </active>
      <routingVersion>
        2
      </routingVersion>
    </documentType>
    <documentType>
      <name>
        DVTX
      </name>
      <parent>
        FPSM
      </parent>
      <label>
        Non-Resident Alien Tax Percent
      </label>
      <helpDefinitionURL>
        default.htm?turl=WordDocuments%2Fnonresidentalientaxpercent.htm
      </helpDefinitionURL>
      <active>
        true
      </active>
      <routingVersion>
        2
      </routingVersion>
    </documentType>
    <documentType>
      <name>
        DVOT
      </name>
      <parent>
        FPSM
      </parent>
      <label>
        Disbursement Voucher Ownership Type
      </label>
      <helpDefinitionURL>
        default.htm?turl=WordDocuments%2Fownershiptypemaintenancedocument.htm
      </helpDefinitionURL>
      <active>
        true
      </active>
      <routingVersion>
        2
      </routingVersion>
    </documentType>
    <documentType>
      <name>
        DVPR
      </name>
      <parent>
        FPSM
      </parent>
      <label>
        Disbursement Voucher Payment Reason
      </label>
      <helpDefinitionURL>
        default.htm?turl=WordDocuments%2Fdisbursementvoucherpaymentreason.htm
      </helpDefinitionURL>
      <active>
        true
      </active>
      <routingVersion>
        2
      </routingVersion>
    </documentType>
    <documentType>
      <name>
        DVCC
      </name>
      <parent>
        FPSM
      </parent>
      <label>
        Disbursement Voucher Tax Control
      </label>
      <helpDefinitionURL>
        default.htm?turl=WordDocuments%2Ftaxcontrolcodemaintenancedocument.htm
      </helpDefinitionURL>
      <active>
        true
      </active>
      <routingVersion>
        2
      </routingVersion>
    </documentType>
    <documentType>
      <name>
        DVIC
      </name>
      <parent>
        FPSM
      </parent>
      <label>
        Disbursement Voucher Tax Income Class
      </label>
      <helpDefinitionURL>
        default.htm?turl=WordDocuments%2Fdisbursementvouchertaxincomeclass.htm
      </helpDefinitionURL>
      <active>
        true
      </active>
      <routingVersion>
        2
      </routingVersion>
    </documentType>
    <documentType>
      <name>
        DVTC
      </name>
      <parent>
        FPSM
      </parent>
      <label>
        Disbursement Voucher Travel Company
      </label>
      <helpDefinitionURL>
        default.htm?turl=WordDocuments%2Fdisbursementvouchertravelcompany.htm
      </helpDefinitionURL>
      <active>
        true
      </active>
      <routingVersion>
        2
      </routingVersion>
    </documentType>
    <documentType>
      <name>
        DVET
      </name>
      <parent>
        FPSM
      </parent>
      <label>
        Disbursement Voucher Travel Expense Type
      </label>
      <helpDefinitionURL>
        default.htm?turl=WordDocuments%2Fdisbursementvouchertravelexpensetype.htm
      </helpDefinitionURL>
      <active>
        true
      </active>
      <routingVersion>
        2
      </routingVersion>
    </documentType>
    <documentType>
      <name>
        DVML
      </name>
      <parent>
        FPSM
      </parent>
      <label>
        Disbursement Voucher Travel Mileage Rate
      </label>
      <helpDefinitionURL>
        default.htm?turl=WordDocuments%2Fdisbursementvouchertravelmileagerate.htm
      </helpDefinitionURL>
      <active>
        true
      </active>
      <routingVersion>
        2
      </routingVersion>
    </documentType>
    <documentType>
      <name>
        DVPD
      </name>
      <parent>
        FPSM
      </parent>
      <label>
        Disbursement Voucher Travel Per Diem
      </label>
      <helpDefinitionURL>
        default.htm?turl=WordDocuments%2Fdisbursementvouchertravelperdiem.htm
      </helpDefinitionURL>
      <active>
        true
      </active>
      <routingVersion>
        2
      </routingVersion>
    </documentType>
    <documentType>
      <name>
        DVWT
      </name>
      <parent>
        FPSM
      </parent>
      <label>
        Disbursement Voucher Wire Charge
      </label>
      <helpDefinitionURL>
        default.htm?turl=WordDocuments%2Fdisbursementvoucherwirecharge.htm
      </helpDefinitionURL>
      <active>
        true
      </active>
      <routingVersion>
        2
      </routingVersion>
    </documentType>
    <documentType>
      <name>PCDM</name>
      <parent>FPSM</parent>
      <label>Procurement Card Default</label>
	  <helpDefinitionURL>default.htm?turl=WordDocuments%2Fcreditcardtype.htm</helpDefinitionURL>
      <active>true</active>
      <routingVersion>2</routingVersion>
    </documentType>
  </documentTypes>
</data>
