<!--
 Copyright 2012 The Kuali Foundation
 
 Licensed under the Educational Community License, Version 2.0 (the "License");
 you may not use this file except in compliance with the License.
 You may obtain a copy of the License at
 
 http://www.opensource.org/licenses/ecl2.php
 
 Unless required by applicable law or agreed to in writing, software
 distributed under the License is distributed on an "AS IS" BASIS,
 WITHOUT WARRANTIES OR CONDITIONS OF ANY KIND, either express or implied.
 See the License for the specific language governing permissions and
 limitations under the License.
-->
<data xmlns="ns:workflow" xsi:schemaLocation="ns:workflow resource:WorkflowData" xmlns:xsi="http://www.w3.org/2001/XMLSchema-instance">
  <documentTypes xmlns="ns:workflow/DocumentType" xsi:schemaLocation="ns:workflow/DocumentType resource:DocumentType">
    <documentType>
      <name>
        ACHD
      </name>
      <parent>
        FSLO
      </parent>
      <label>
        ACH Disbursement
      </label>
      <active>
        true
      </active>
      <routingVersion>
        2
      </routingVersion>
      <routePaths/>
    </documentType>
    <documentType>
      <name>
        CHKD
      </name>
      <parent>
        FSLO
      </parent>
      <label>
        Check Disbursement
      </label>
      <active>
        true
      </active>
      <routingVersion>
        2
      </routingVersion>
      <routePaths/>
    </documentType>
    <documentType>
      <name>
        CHKR
      </name>
      <parent>
        FSLO
      </parent>
      <label>
        Check Cancel &amp; Re-Issue
      </label>
      <active>
        true
      </active>
      <routingVersion>
        2
      </routingVersion>
      <routePaths/>
    </documentType>
    <documentType>
      <name>
        CHKC
      </name>
      <parent>
        FSLO
      </parent>
      <label>
        Check Cancellation
      </label>
      <active>
        true
      </active>
      <routingVersion>
        2
      </routingVersion>
      <routePaths/>
    </documentType>
    <documentType>
      <name>
        ACHR
      </name>
      <parent>
        FSLO
      </parent>
      <label>
        ACH Cancel &amp; Re-Issue
      </label>
      <active>
        true
      </active>
      <routingVersion>
        2
      </routingVersion>
      <routePaths/>
    </documentType>
    <documentType>
      <name>
        ACHC
      </name>
      <parent>
        FSLO
      </parent>
      <label>
        ACH Cancellation
      </label>
      <active>
        true
      </active>
      <routingVersion>
        2
      </routingVersion>
      <routePaths/>
    </documentType>
    <documentType>
      <name>
        PDP
      </name>
      <parent>
        FSLO
      </parent>
      <label>
        Pre-Disbursement Processing
      </label>
      <active>
        true
      </active>
      <routingVersion>
        2
      </routingVersion>
      <routePaths/>
    </documentType>
    <documentType>
      <name>
        AVAD
      </name>
      <parent>
        FSLO
      </parent>
      <label>
        Auxiliary Voucher - Adjustment
      </label>
      <active>
        true
      </active>
      <routingVersion>
        2
      </routingVersion>
      <routePaths/>
    </documentType>
    <documentType>
      <name>
        AVAE
      </name>
      <parent>
        FSLO
      </parent>
      <label>
        Auxiliary Voucher - Accrual Entry
      </label>
      <active>
        true
      </active>
      <routingVersion>
        2
      </routingVersion>
      <routePaths/>
    </documentType>
    <documentType>
      <name>
        AVRC
      </name>
      <parent>
        FSLO
      </parent>
      <label>
        Auxiliary Voucher - Re-code
      </label>
      <active>
        true
      </active>
      <routingVersion>
        2
      </routingVersion>
      <routePaths/>
    </documentType>
    <documentType>
      <name>
        DVWF
      </name>
      <parent>
        FSLO
      </parent>
      <label>
        Disbursement Voucher - WT/FD
      </label>
      <active>
        true
      </active>
      <routingVersion>
        2
      </routingVersion>
      <routePaths/>
    </documentType>
    <documentType>
      <name>
        DVCA
      </name>
      <parent>
        FSLO
      </parent>
      <label>
        Disbursement Voucher - Check/ACH
      </label>
      <active>
        true
      </active>
      <routingVersion>
        2
      </routingVersion>
      <routePaths/>
    </documentType>
    <documentType>
      <name>
        ACLO
      </name>
   	<parent>
        FSLO
      </parent>
      <label>
        Annual Closing
      </label>
      <active>
        true
      </active>
      <routingVersion>
        2
      </routingVersion>
      <routePaths/>
    </documentType>

  </documentTypes>
</data>
