<!--
 Copyright 2012 The Kuali Foundation
 
 Licensed under the Educational Community License, Version 2.0 (the "License");
 you may not use this file except in compliance with the License.
 You may obtain a copy of the License at
 
 http://www.opensource.org/licenses/ecl2.php
 
 Unless required by applicable law or agreed to in writing, software
 distributed under the License is distributed on an "AS IS" BASIS,
 WITHOUT WARRANTIES OR CONDITIONS OF ANY KIND, either express or implied.
 See the License for the specific language governing permissions and
 limitations under the License.
-->
<data xmlns="ns:workflow" xsi:schemaLocation="ns:workflow resource:WorkflowData" xmlns:xsi="http://www.w3.org/2001/XMLSchema-instance">
  <documentTypes xmlns="ns:workflow/DocumentType" xsi:schemaLocation="ns:workflow/DocumentType resource:DocumentType">
    <documentType>
      <name>
        BANK
      </name>
      <parent>
        FSSM
      </parent>
      <label>
        Bank
      </label>
      <helpDefinitionURL>
        default.htm?turl=WordDocuments%2Fbank.htm
      </helpDefinitionURL>
      <active>
        true
      </active>
      <routingVersion>
        2
      </routingVersion>
    </documentType>
    <documentType>
      <name>
        BLDG
      </name>
      <parent>
        FSSM
      </parent>
      <label>
        Building
      </label>
      <helpDefinitionURL>
        default.htm?turl=WordDocuments%2Fbuilding.htm
      </helpDefinitionURL>
      <active>
        true
      </active>
      <routingVersion>
        2
      </routingVersion>
    </documentType>
    <documentType>
      <name>
        FFD
      </name>
      <parent>
        FSSM
      </parent>
      <label>
        Functional Field Description
      </label>
      <helpDefinitionURL>
        default.htm?turl=WordDocuments%2Ffunctionalfielddescription.htm
      </helpDefinitionURL>
      <active>
        true
      </active>
      <routingVersion>
        2
      </routingVersion>
    </documentType>
    <documentType>
      <name>
        FSDT
      </name>
      <parent>
        FSSM
      </parent>
      <label>
        Financial System Document Type Code
      </label>
      <docHandler>
        ${kfs.url}/kr/maintenance.do?methodToCall=docHandler
      </docHandler>
      <active>
        true
      </active>
      <routingVersion>
        2
      </routingVersion>
    </documentType>
    <documentType>
      <name>
        MOTD
      </name>
      <parent>
        FSSM
      </parent>
      <label>
        Message Of The Day
      </label>
      <helpDefinitionURL>
        default.htm?turl=WordDocuments%2Fmessageoftheday.htm
      </helpDefinitionURL>
      <active>
        true
      </active>
      <routingVersion>
        2
      </routingVersion>
    </documentType>
    <documentType>
      <name>
        ROOM
      </name>
      <parent>
        FSSM
      </parent>
      <label>
        Room
      </label>
      <helpDefinitionURL>
        default.htm?turl=WordDocuments%2Froom.htm
      </helpDefinitionURL>
      <active>
        true
      </active>
      <routingVersion>
        2
      </routingVersion>
    </documentType>
    <documentType>
      <name>
        SOPT
      </name>
      <parent>
        FSSM
      </parent>
      <label>
        System Options
      </label>
      <helpDefinitionURL>
        default.htm?turl=WordDocuments%2Fsystemoptions.htm
      </helpDefinitionURL>
      <active>
        true
      </active>
      <routingVersion>
        2
      </routingVersion>
    </documentType>
    <documentType>
      <name>
        TAXR
      </name>
      <parent>
        FSSM
      </parent>
      <label>
        Tax Region
      </label>
      <helpDefinitionURL>
        default.htm?turl=WordDocuments%2Ftaxregion.htm
      </helpDefinitionURL>
      <active>
        true
      </active>
      <routingVersion>
        2
      </routingVersion>
    </documentType>
    <documentType>
      <name>
        TRTP
      </name>
      <parent>
        FSSM
      </parent>
      <label>
        Tax Region Type
      </label>
      <helpDefinitionURL>
        default.htm?turl=WordDocuments%2Ftaxregiontype.htm
      </helpDefinitionURL>
      <active>
        true
      </active>
      <routingVersion>
        2
      </routingVersion>
    </documentType>
    <documentType>
      <name>
        UDAT
      </name>
      <parent>
        FSSM
      </parent>
      <label>
        University Date
      </label>
      <helpDefinitionURL>
        default.htm?turl=WordDocuments%2Funiversitydate.htm
      </helpDefinitionURL>
      <active>
        true
      </active>
      <routingVersion>
        2
      </routingVersion>
    </documentType>
  </documentTypes>
</data>
