<!--
 Copyright 2010 The Kuali Foundation
 
 Licensed under the Educational Community License, Version 2.0 (the "License");
 you may not use this file except in compliance with the License.
 You may obtain a copy of the License at
 
 http://www.opensource.org/licenses/ecl2.php
 
 Unless required by applicable law or agreed to in writing, software
 distributed under the License is distributed on an "AS IS" BASIS,
 WITHOUT WARRANTIES OR CONDITIONS OF ANY KIND, either express or implied.
 See the License for the specific language governing permissions and
 limitations under the License.
-->
<data xmlns="ns:workflow" xsi:schemaLocation="ns:workflow resource:WorkflowData" xmlns:xsi="http://www.w3.org/2001/XMLSchema-instance">
  <documentTypes xmlns="ns:workflow/DocumentType" xsi:schemaLocation="ns:workflow/DocumentType resource:DocumentType">
    <documentType>
      <name>
        PMAT
      </name>
      <parent>
        VNSM
      </parent>
      <label>
        Address Type
      </label>
      <helpDefinitionURL>
        default.htm?turl=WordDocuments%2Faddresstype.htm
      </helpDefinitionURL>
      <active>
        true
      </active>
      <routingVersion>
        2
      </routingVersion>
    </documentType>
    <documentType>
      <name>
        PMCP
      </name>
      <parent>
        VNSM
      </parent>
      <label>
        Campus Parameter
      </label>
      <helpDefinitionURL>
        default.htm?turl=WordDocuments%2Fcampusparameter.htm
      </helpDefinitionURL>
      <active>
        true
      </active>
      <routingVersion>
        2
      </routingVersion>
    </documentType>
    <documentType>
      <name>
        PMCC
      </name>
      <parent>
        VNSM
      </parent>
      <label>
        Commodity Code
      </label>
      <helpDefinitionURL>
        default.htm?turl=WordDocuments%2Fcommoditycode.htm
      </helpDefinitionURL>
      <active>
        true
      </active>
      <routingVersion>
        2
      </routingVersion>
    </documentType>
    <documentType>
      <name>
        PMCT
      </name>
      <parent>
        VNSM
      </parent>
      <label>
        Contact Type
      </label>
      <helpDefinitionURL>
        default.htm?turl=WordDocuments%2Fcontacttype.htm
      </helpDefinitionURL>
      <active>
        true
      </active>
      <routingVersion>
        2
      </routingVersion>
    </documentType>
    <documentType>
      <name>
        PMCO
      </name>
      <parent>
        VNSM
      </parent>
      <label>
        Contract Manager
      </label>
      <helpDefinitionURL>
        default.htm?turl=WordDocuments%2Fcontractmanager.htm
      </helpDefinitionURL>
      <active>
        true
      </active>
      <routingVersion>
        2
      </routingVersion>
    </documentType>
    <documentType>
      <name>
        PMOC
      </name>
      <parent>
        VNSM
      </parent>
      <label>
        Ownership Type Category
      </label>
      <helpDefinitionURL>
        default.htm?turl=WordDocuments%2Fownershiptypecategory.htm
      </helpDefinitionURL>
      <active>
        true
      </active>
      <routingVersion>
        2
      </routingVersion>
    </documentType>
    <documentType>
      <name>
        PMOT
      </name>
      <parent>
        VNSM
      </parent>
      <label>
        Ownership Type
      </label>
      <helpDefinitionURL>
        default.htm?turl=WordDocuments%2Fownershiptype.htm
      </helpDefinitionURL>
      <active>
        true
      </active>
      <routingVersion>
        2
      </routingVersion>
    </documentType>
    <documentType>
      <name>
        PMPA
      </name>
      <parent>
        VNSM
      </parent>
      <label>
        Payment Terms Type
      </label>
      <helpDefinitionURL>
        default.htm?turl=WordDocuments%2Fpaymenttermstype.htm
      </helpDefinitionURL>
      <active>
        true
      </active>
      <routingVersion>
        2
      </routingVersion>
    </documentType>
    <documentType>
      <name>
        PMPT
      </name>
      <parent>
        VNSM
      </parent>
      <label>
        Phone Type
      </label>
      <helpDefinitionURL>
        default.htm?turl=WordDocuments%2Fphonetype.htm
      </helpDefinitionURL>
      <active>
        true
      </active>
      <routingVersion>
        2
      </routingVersion>
    </documentType>
    <documentType>
      <name>
        PMCS
      </name>
      <parent>
        VNSM
      </parent>
      <label>
        Cost Source
      </label>
      <helpDefinitionURL>
        default.htm?turl=WordDocuments%2Fcostsource.htm
      </helpDefinitionURL>
      <active>
        true
      </active>
      <routingVersion>
        2
      </routingVersion>
    </documentType>
    <documentType>
      <name>
        PMSP
      </name>
      <parent>
        VNSM
      </parent>
      <label>
        Shipping Payment Terms
      </label>
      <helpDefinitionURL>
        default.htm?turl=WordDocuments%2Fshippingpaymentterms.htm
      </helpDefinitionURL>
      <active>
        true
      </active>
      <routingVersion>
        2
      </routingVersion>
    </documentType>
    <documentType>
      <name>
        PMSS
      </name>
      <parent>
        VNSM
      </parent>
      <label>
        Shipping Special Conditions
      </label>
      <helpDefinitionURL>
        default.htm?turl=WordDocuments%2Fshippingspecialconditions.htm
      </helpDefinitionURL>
      <active>
        true
      </active>
      <routingVersion>
        2
      </routingVersion>
    </documentType>
    <documentType>
      <name>
        PMST
      </name>
      <parent>
        VNSM
      </parent>
      <label>
        Shipping Title
      </label>
      <helpDefinitionURL>
        default.htm?turl=WordDocuments%2Fshippingtitle.htm
      </helpDefinitionURL>
      <active>
        true
      </active>
      <routingVersion>
        2
      </routingVersion>
    </documentType>
    <documentType>
      <name>
        PMSD
      </name>
      <parent>
        VNSM
      </parent>
      <label>
        Supplier Diversity
      </label>
      <helpDefinitionURL>
        default.htm?turl=WordDocuments%2Fsupplierdiversity.htm
      </helpDefinitionURL>
      <active>
        true
      </active>
      <routingVersion>
        2
      </routingVersion>
    </documentType>
    <documentType>
      <name>
        PMIR
      </name>
      <parent>
        VNSM
      </parent>
      <label>
        Vendor Inactive Reason
      </label>
      <helpDefinitionURL>
        default.htm?turl=WordDocuments%2Fvendorinactivereason.htm
      </helpDefinitionURL>
      <active>
        true
      </active>
      <routingVersion>
        2
      </routingVersion>
    </documentType>
    <documentType>
      <name>
        PMVT
      </name>
      <parent>
        VNSM
      </parent>
      <label>
        Vendor Type
      </label>
      <helpDefinitionURL>
        default.htm?turl=WordDocuments%2Fvendortype.htm
      </helpDefinitionURL>
      <active>
        true
      </active>
      <routingVersion>
        2
      </routingVersion>
    </documentType>
  </documentTypes>
</data>
