<!--
 Copyright 2012 The Kuali Foundation
 
 Licensed under the Educational Community License, Version 2.0 (the "License");
 you may not use this file except in compliance with the License.
 You may obtain a copy of the License at
 
 http://www.opensource.org/licenses/ecl2.php
 
 Unless required by applicable law or agreed to in writing, software
 distributed under the License is distributed on an "AS IS" BASIS,
 WITHOUT WARRANTIES OR CONDITIONS OF ANY KIND, either express or implied.
 See the License for the specific language governing permissions and
 limitations under the License.
-->
<data xmlns="ns:workflow" xsi:schemaLocation="ns:workflow resource:WorkflowData" xmlns:xsi="http://www.w3.org/2001/XMLSchema-instance">
	<documentTypes xmlns="ns:workflow/DocumentType" xsi:schemaLocation="ns:workflow/DocumentType resource:DocumentType">
		<documentType>
			<name>ECD</name>
			<parent>EC</parent>
			<label>Effort Certification</label>
			<docHandler>${kfs.url}/effortEffortCertification.do?methodToCall=docHandler
			</docHandler>
			<docSearchHelpURL>${kfs.externalizable.help.url}/default.htm?turl=WordDocuments%2Feffortcertificationsearch.htm</docSearchHelpURL>
			<active>true</active>
			<routingVersion>2</routingVersion>
			<routePaths>
				<routePath>
					<start name="AdHoc" nextNode="ProjectManagement" />
					<requests name="ProjectManagement" nextNode="Account" />
					<requests name="Account" nextNode="AccountingOrganizationHierarchy" />
					<requests name="AccountingOrganizationHierarchy" nextNode="DoAwardSplit" />

					<!-- FSKD-632 iu-custom: added routeNode -->
					<split name="DoAwardSplit" nextNode="RequiresWorkstudyReview">
						<branch name="True">
							<role name="Award" nextNode="AwardJoin" />
						</branch>
						<branch name="False">
							<simple name="AwardDoNothing" nextNode="AwardJoin" />
						</branch>
						<join name="AwardJoin" />
					</split>
					<split name="RequiresWorkstudyReview" nextNode="DoRecreateSplit">
						<branch name="True">
							<requests name="Workstudy" nextNode="JoinRequiresWorkstudyReview" />
						</branch>
						<branch name="False">
							<simple name="RequiresWorkstudyNoOp" nextNode="JoinRequiresWorkstudyReview" />
						</branch>
						<join name="JoinRequiresWorkstudyReview" />
					</split>

					<split name="DoRecreateSplit">
						<branch name="True">
							<requests name="Management" nextNode="RecreateJoin" />
						</branch>
						<branch name="False">
							<simple name="RecreateDoNothing" nextNode="RecreateJoin" />
						</branch>
						<join name="RecreateJoin" />
					</split>
				</routePath>
			</routePaths>
			<routeNodes>
				<start name="AdHoc" />
				<role name="ProjectManagement">
					<qualifierResolverClass>org.kuali.rice.krad.workflow.attribute.DataDictionaryQualifierResolver
					</qualifierResolverClass>
					<activationType>P</activationType>
				</role>
				<role name="Account">
					<qualifierResolverClass>org.kuali.rice.krad.workflow.attribute.DataDictionaryQualifierResolver
					</qualifierResolverClass>
					<activationType>P</activationType>
				</role>
				<role name="AccountingOrganizationHierarchy">
					<qualifierResolverClass>org.kuali.rice.krad.workflow.attribute.DataDictionaryQualifierResolver
					</qualifierResolverClass>
					<activationType>P</activationType>
				</role>
				<role name="Award">
					<qualifierResolverClass>org.kuali.rice.krad.workflow.attribute.DataDictionaryQualifierResolver
					</qualifierResolverClass>
					<activationType>P</activationType>
				</role>
				<role name="Management">
					<qualifierResolverClass>org.kuali.rice.krad.workflow.attribute.DataDictionaryQualifierResolver
					</qualifierResolverClass>
					<activationType>P</activationType>
				</role>
				<split name="DoAwardSplit">
					<type>org.kuali.kfs.sys.document.workflow.SimpleBooleanSplitNode
					</type>
				</split>
				<split name="DoRecreateSplit">
					<type>org.kuali.kfs.sys.document.workflow.SimpleBooleanSplitNode
					</type>
				</split>
				<simple name="AwardDoNothing">
					<type>org.kuali.rice.kew.engine.node.NoOpNode</type>
				</simple>
				<simple name="RecreateDoNothing">
					<type>org.kuali.rice.kew.engine.node.NoOpNode</type>
				</simple>

				<!-- FSKD-632 iu-custom: added routeNode -->
				<split name="RequiresWorkstudyReview">
					<type>org.kuali.kfs.sys.document.workflow.SimpleBooleanSplitNode
					</type>
				</split>
				<simple name="RequiresWorkstudyNoOp">
					<type>org.kuali.rice.kew.engine.node.NoOpNode</type>
				</simple>
				<join name="JoinRequiresWorkstudyReview" />
				<role name="Workstudy">
					<qualifierResolverClass>org.kuali.rice.krad.workflow.attribute.DataDictionaryQualifierResolver
					</qualifierResolverClass>
					<activationType>P</activationType>
				</role>

				<join name="AwardJoin" />
				<join name="RecreateJoin" />
			</routeNodes>
		</documentType>
	</documentTypes>
</data>
