<!--
 Copyright 2012 The Kuali Foundation
 
 Licensed under the Educational Community License, Version 2.0 (the "License");
 you may not use this file except in compliance with the License.
 You may obtain a copy of the License at
 
 http://www.opensource.org/licenses/ecl2.php
 
 Unless required by applicable law or agreed to in writing, software
 distributed under the License is distributed on an "AS IS" BASIS,
 WITHOUT WARRANTIES OR CONDITIONS OF ANY KIND, either express or implied.
 See the License for the specific language governing permissions and
 limitations under the License.
-->
<data xmlns="ns:workflow" xmlns:fo="http://www.w3.org/1999/XSL/Format"
	xmlns:xsi="http://www.w3.org/2001/XMLSchema-instance"
	xsi:schemaLocation="ns:workflow resource:WorkflowData">
	<documentTypes xmlns="ns:workflow/DocumentType"
		xsi:schemaLocation="ns:workflow/DocumentType resource:DocumentType">
		<documentType>
			<name>ET</name>
			<label>Endowment Transactional Document</label>
			<parent>KFST</parent>
		</documentType>
		<documentType>
			<name>ECA</name>
			<helpDefinitionURL>default.htm?turl=WordDocuments%2Fcorpusadjustment.htm</helpDefinitionURL>
			<label>Endowment Corpus Adjustment</label>
			<parent>ET</parent>
			<docHandler>
				${kfs.url}/endowCorpusAdjustmentDocument.do?methodToCall=docHandler </docHandler>
		</documentType>
		<documentType>
			<name>EUSA</name>
			<helpDefinitionURL>default.htm?turl=WordDocuments%2Funitshareadjustment.htm</helpDefinitionURL>
			<label>Endowment Unit/Share Adjustment</label>
			<parent>ET</parent>
			<docHandler>
				${kfs.url}/endowEndowmentUnitShareAdjustmentDocument.do?methodToCall=docHandler </docHandler>
		</documentType>
		<documentType>
			<name>EHVA</name>
			<helpDefinitionURL>default.htm?turl=WordDocuments%2Fholdinghistoryvalueadjustment.htm</helpDefinitionURL>
			<label>Endowment Holding History Value Adjustment</label>
			<parent>ET</parent>
			<docHandler>
				${kfs.url}/endowHoldingHistoryValueAdjustmentDocument.do?methodToCall=docHandler </docHandler>
		</documentType>
		<documentType>
			<name>ELD</name>
			<helpDefinitionURL>default.htm?turl=WordDocuments%2Fliabilitydecrease.htm</helpDefinitionURL>
			<label>Endowment Liability Decrease</label>
			<parent>ET</parent>
			<docHandler>
				${kfs.url}/endowLiabilityDecreaseDocument.do?methodToCall=docHandler </docHandler>
		</documentType>
		<documentType>
			<name>ELI</name>
			<helpDefinitionURL>default.htm?turl=WordDocuments%2Fliabilityincrease.htm</helpDefinitionURL>
			<label>Endowment Liability Increase</label>
			<parent>ET</parent>
			<docHandler>
				${kfs.url}/endowLiabilityIncreaseDocument.do?methodToCall=docHandler </docHandler>
		</documentType>
		<documentType>
			<name>EST</name>
			<helpDefinitionURL>default.htm?turl=WordDocuments%2Fsecuritytransfer.htm</helpDefinitionURL>
			<label>Endowment Security Transfer</label>
			<parent>ET</parent>
			<docHandler>
				${kfs.url}/endowSecurityTransferDocument.do?methodToCall=docHandler </docHandler>
		</documentType>
		<documentType>
			<name>GLET</name>
			<helpDefinitionURL>default.htm?turl=WordDocuments%2Fgltoendowmenttransferoffunds.htm</helpDefinitionURL>
			<label>GL To Endowment Transfer Of Funds</label>
			<parent>ET</parent>
			<docHandler>${kfs.url}/endowGLToEndowmentTransferOfFundsDocument.do?methodToCall=docHandler</docHandler>
		</documentType>
		<documentType>
			<name>ECR</name>
			<helpDefinitionURL>default.htm?turl=WordDocuments%2Fcorporatereorganization.htm</helpDefinitionURL>
			<label>Endowment Corporate Reorganization</label>
			<parent>ET</parent>
			<docHandler>${kfs.url}/endowCorporateReorganizationDocument.do?methodToCall=docHandler</docHandler>
		</documentType>
		<documentType>
			<name>ETB</name>
			<label>Endowment Transactional Batch Document</label>
			<parent>ET</parent>
		    <routePaths>
        		<routePath>
            		<start name="AdHoc" nextNode="CheckIfNoRoute"/>
          			<split name="CheckIfNoRoute">
          				<branch name="True">
              				<simple name="NoOp" nextNode="JoinCheckIfRoute"/>
            			</branch>
            			<branch name="False">
              				<role name="EndowmentApprovers" nextNode="JoinCheckIfRoute"/>
            			</branch>
            			<join name="JoinCheckIfRoute"/>
          			</split>
        		</routePath>
      		</routePaths>
      		<routeNodes>
        		<start name="AdHoc"/>
        		<split name="CheckIfNoRoute">
          			<type>org.kuali.kfs.sys.document.workflow.SimpleBooleanSplitNode</type>
        		</split>
        		<simple name="NoOp">
          			<type>org.kuali.rice.kew.engine.node.NoOpNode</type>
        		</simple>
        		<join name="JoinCheckIfRoute"/>
        		<role name="EndowmentApprovers">
          			<qualifierResolverClass>org.kuali.rice.krad.workflow.attribute.DataDictionaryQualifierResolver</qualifierResolverClass>
          			<activationType>P</activationType>
        		</role>
      		</routeNodes>
		</documentType>
		<documentType>
			<name>EGLT</name>
			<helpDefinitionURL>default.htm?turl=WordDocuments%2Fendowmenttogltransferoffunds.htm</helpDefinitionURL>
			<label>Endowment To GL Transfer Of Funds</label>
			<parent>ETB</parent>
			<docHandler>${kfs.url}/endowEndowmentToGLTransferOfFundsDocument.do?methodToCall=docHandler</docHandler>
		</documentType>
		<documentType>
			<name>EHA</name>
			<helpDefinitionURL>default.htm?turl=WordDocuments%2Fholdingadjustment.htm</helpDefinitionURL>
			<label>Endowment Holding Adjustment</label>
			<parent>ETB</parent>
			<docHandler>${kfs.url}/endowHoldingAdjustmentDocument.do?methodToCall=docHandler</docHandler>
		</documentType>
		<documentType>
			<name>EAD</name>
			<helpDefinitionURL>default.htm?turl=WordDocuments%2Fassetdecrease.htm</helpDefinitionURL>
			<label>Endowment Asset Decrease</label>
			<parent>ETB</parent>
			<docHandler>
				${kfs.url}/endowAssetDecreaseDocument.do?methodToCall=docHandler </docHandler>
		</documentType>
		<documentType>
			<name>EAI</name>
			<helpDefinitionURL>default.htm?turl=WordDocuments%2Fassetincrease.htm</helpDefinitionURL>
			<label>Endowment Asset Increase</label>
			<parent>ETB</parent>
			<docHandler>
				${kfs.url}/endowAssetIncreaseDocument.do?methodToCall=docHandler </docHandler>
		</documentType>
		<documentType>
			<name>ECDD</name>
			<helpDefinitionURL>default.htm?turl=WordDocuments%2Fcashdecrease.htm</helpDefinitionURL>
			<label>Endowment Cash Decrease</label>
			<parent>ETB</parent>
			<docHandler>
				${kfs.url}/endowCashDecreaseDocument.do?methodToCall=docHandler </docHandler>
		</documentType>
		<documentType>
			<name>ECI</name>
			<helpDefinitionURL>default.htm?turl=WordDocuments%2Fcashincrease.htm</helpDefinitionURL>
			<label>Endowment Cash Increase</label>
			<parent>ETB</parent>
			<docHandler>
				${kfs.url}/endowCashIncreaseDocument.do?methodToCall=docHandler </docHandler>
		</documentType>
		<documentType>
			<name>ECT</name>
			<helpDefinitionURL>default.htm?turl=WordDocuments%2Fcashtransfer.htm</helpDefinitionURL>
			<label>Endowment Cash Transfer</label>
			<parent>ETB</parent>
			<docHandler>
				${kfs.url}/endowCashTransferDocument.do?methodToCall=docHandler </docHandler>
		</documentType>
	</documentTypes>
</data>
