<!--
 Copyright 2011 The Kuali Foundation
 
 Licensed under the Educational Community License, Version 2.0 (the "License");
 you may not use this file except in compliance with the License.
 You may obtain a copy of the License at
 
 http://www.opensource.org/licenses/ecl2.php
 
 Unless required by applicable law or agreed to in writing, software
 distributed under the License is distributed on an "AS IS" BASIS,
 WITHOUT WARRANTIES OR CONDITIONS OF ANY KIND, either express or implied.
 See the License for the specific language governing permissions and
 limitations under the License.
-->
<data xmlns="ns:workflow" xmlns:fo="http://www.w3.org/1999/XSL/Format"
	xmlns:xsi="http://www.w3.org/2001/XMLSchema-instance"
	xsi:schemaLocation="ns:workflow resource:WorkflowData">
	<documentTypes xmlns="ns:workflow/DocumentType"
		xsi:schemaLocation="ns:workflow/DocumentType resource:DocumentType">
		<documentType>
			<name>EndowmentSimpleMaintenanceDocument</name>
			<parent>FSSM</parent>
			<label>Endowment Simple Maintenance Document</label>
		</documentType>
		<documentType>
			<name>ACIModelMaintenanceDocument</name>
			<helpDefinitionURL>default.htm?turl=WordDocuments%2Fautomatedcashinvestmentmodel.htm
			</helpDefinitionURL>
			<parent>EndowmentSimpleMaintenanceDocument</parent>
			<label>ACI Model Maintenance Document</label>
		</documentType>
		<documentType>
			<name>AgreementSpecialInstructionMaintenanceDocument</name>
			<helpDefinitionURL>default.htm?turl=WordDocuments%2Fagreementspecialinstructioncode.htm
			</helpDefinitionURL>
			<parent>EndowmentSimpleMaintenanceDocument</parent>
			<label>Agreement Special Instruction Maintenance Document</label>
		</documentType>
		<documentType>
			<name>AgreementStatusMaintenanceDocument</name>
			<helpDefinitionURL>default.htm?turl=WordDocuments%2Fagreementstatuscode.htm
			</helpDefinitionURL>
			<parent>EndowmentSimpleMaintenanceDocument</parent>
			<label>Agreement Status Maintenance Document</label>
		</documentType>
		<documentType>
			<name>AgreementTypeMaintenanceDocument</name>
			<helpDefinitionURL>default.htm?turl=WordDocuments%2Fagreementtypecode.htm
			</helpDefinitionURL>
			<parent>EndowmentSimpleMaintenanceDocument</parent>
			<label>Agreement Type Maintenance Document</label>
		</documentType>
		<documentType>
			<name>CashSweepModelMaintenanceDocument</name>
			<helpDefinitionURL>default.htm?turl=WordDocuments%2Fcashsweepmodel.htm
			</helpDefinitionURL>
			<parent>EndowmentSimpleMaintenanceDocument</parent>
			<label>Cash Sweep Model Maintenance Document</label>
		</documentType>
		<documentType>
			<name>ClassCodeMaintenanceDocument</name>
			<helpDefinitionURL>default.htm?turl=WordDocuments%2Fclasscode.htm
			</helpDefinitionURL>
			<parent>EndowmentSimpleMaintenanceDocument</parent>
			<label>Class Code Maintenance Document</label>
		</documentType>
		<documentType>
			<name>CloseCodeMaintenanceDocument</name>
			<helpDefinitionURL>default.htm?turl=WordDocuments%2Fclosecode.htm
			</helpDefinitionURL>
			<parent>EndowmentSimpleMaintenanceDocument</parent>
			<label>Close Code Maintenance Document</label>
		</documentType>
		<documentType>
			<name>CombineGroupCodeMaintenanceDocument</name>
			<helpDefinitionURL>default.htm?turl=WordDocuments%2Fcombinegroupcode.htm
			</helpDefinitionURL>
			<parent>EndowmentSimpleMaintenanceDocument</parent>
			<label>Combine Group Code Maintenance Document</label>
		</documentType>
		<documentType>
			<name>DonorMaintenanceDocument</name>
			<helpDefinitionURL>default.htm?turl=WordDocuments%2Fdonorrecord.htm
			</helpDefinitionURL>
			<parent>EndowmentSimpleMaintenanceDocument</parent>
			<label>Donor Maintenance Document</label>
		</documentType>
		<documentType>
			<name>DonorStatementCodeMaintenanceDocument</name>
			<helpDefinitionURL>default.htm?turl=WordDocuments%2Fdonorstatementcode.htm
			</helpDefinitionURL>
			<parent>EndowmentSimpleMaintenanceDocument</parent>
			<label>Donor Statement Code Maintenance Document</label>
		</documentType>
		<documentType>
			<name>EndowmentTransactionCodeMaintenanceDocument</name>
			<helpDefinitionURL>default.htm?turl=WordDocuments%2Fendowmenttransactioncode.htm
			</helpDefinitionURL>
			<parent>EndowmentSimpleMaintenanceDocument</parent>
			<label>Endowment Transaction Code Maintenance Document</label>
		</documentType>
		<documentType>
			<name>FeeMethodMaintenanceDocument</name>
			<helpDefinitionURL>default.htm?turl=WordDocuments%2Ffeemethod.htm
			</helpDefinitionURL>
			<parent>EndowmentSimpleMaintenanceDocument</parent>
			<label>Fee Method Maintenance Document</label>
		</documentType>
		<documentType>
			<name>FundSourceCodeMaintenanceDocument</name>
			<helpDefinitionURL>default.htm?turl=WordDocuments%2Fsourceoffundscode.htm
			</helpDefinitionURL>
			<parent>EndowmentSimpleMaintenanceDocument</parent>
			<label>Fund Source Code Maintenance Document</label>
		</documentType>
		<documentType>
			<name>HoldingTaxLotMaintenanceDocument</name>
			<helpDefinitionURL>default.htm?turl=WordDocuments%2Fholdingtaxlotmaintenance.htm
			</helpDefinitionURL>
			<parent>EndowmentSimpleMaintenanceDocument</parent>
			<label>Holding Tax Lot Maintenance Document</label>
		</documentType>
		<documentType>
			<name>KEMIDMaintenanceDocument</name>
			<helpDefinitionURL>default.htm?turl=WordDocuments%2Fkemid.htm
			</helpDefinitionURL>
			<parent>EndowmentSimpleMaintenanceDocument</parent>
			<label>KEMID Maintenance Document</label>
		</documentType>
		<documentType>
			<name>PooledFundControlMaintenanceDocument</name>
			<helpDefinitionURL>default.htm?turl=WordDocuments%2Fpooledfundcontrol.htm
			</helpDefinitionURL>
			<parent>EndowmentSimpleMaintenanceDocument</parent>
			<label>Pooled Fund Control Maintenance Document</label>
		</documentType>
		<documentType>
			<name>PooledFundValueMaintenanceDocument</name>
			<helpDefinitionURL>default.htm?turl=WordDocuments%2Fpooledfundvalue.htm
			</helpDefinitionURL>
			<parent>EndowmentSimpleMaintenanceDocument</parent>
			<label>Pooled Fund Value Maintenance Document</label>
		</documentType>
		<documentType>
			<name>PurposeCodeMaintenanceDocument</name>
			<helpDefinitionURL>default.htm?turl=WordDocuments%2Fpurposecode.htm
			</helpDefinitionURL>
			<parent>EndowmentSimpleMaintenanceDocument</parent>
			<label>Purpose Code Maintenance Document</label>
		</documentType>
		<documentType>
			<name>RegistrationCodeMaintenanceDocument</name>
			<helpDefinitionURL>default.htm?turl=WordDocuments%2Fregistrationcode.htm
			</helpDefinitionURL>
			<parent>EndowmentSimpleMaintenanceDocument</parent>
			<label>Registration Code Maintenance Document</label>
		</documentType>
		<documentType>
			<name>ResponsibleAdministrationCodeMaintenanceDocument</name>
			<helpDefinitionURL>default.htm?turl=WordDocuments%2Fresponsibleadministrationcode.htm
			</helpDefinitionURL>
			<parent>EndowmentSimpleMaintenanceDocument</parent>
			<label>Responsible Administration Code Maintenance Document</label>
		</documentType>
		<documentType>
			<name>SecurityMaintenanceDocument</name>
			<helpDefinitionURL>default.htm?turl=WordDocuments%2Fsecurity.htm
			</helpDefinitionURL>
			<parent>EndowmentSimpleMaintenanceDocument</parent>
			<label>Security Maintenance Document</label>
		</documentType>
		<documentType>
			<name>SecurityReportingGroupMaintenanceDocument</name>
			<helpDefinitionURL>default.htm?turl=WordDocuments%2Freportinggroup.htm
			</helpDefinitionURL>
			<parent>EndowmentSimpleMaintenanceDocument</parent>
			<label>Security Reporting Group Maintenance Document</label>
		</documentType>
		<documentType>
			<name>SubclassCodeMaintenanceDocument</name>
			<helpDefinitionURL>default.htm?turl=WordDocuments%2Fsubclasscode.htm
			</helpDefinitionURL>
			<parent>EndowmentSimpleMaintenanceDocument</parent>
			<label>Subclass Code Maintenance Document</label>
		</documentType>
		<documentType>
			<name>TicklerMaintenanceDocument</name>
			<helpDefinitionURL>default.htm?turl=WordDocuments%2Ftickler.htm
			</helpDefinitionURL>
			<parent>EndowmentSimpleMaintenanceDocument</parent>
			<label>Tickler Maintenance Document</label>
		</documentType>
		<documentType>
			<name>TicklerTypeCodeMaintenanceDocument</name>
			<helpDefinitionURL>default.htm?turl=WordDocuments%2Fticklertypecode.htm
			</helpDefinitionURL>
			<parent>EndowmentSimpleMaintenanceDocument</parent>
			<label>Tickler Type Code Maintenance Document</label>
		</documentType>
		<documentType>
			<name>TransactionRestrictionCodeMaintenanceDocument</name>
			<helpDefinitionURL>default.htm?turl=WordDocuments%2Ftransactionrestrictioncode.htm
			</helpDefinitionURL>
			<parent>EndowmentSimpleMaintenanceDocument</parent>
			<label>Transaction Restriction Code Maintenance Document</label>
		</documentType>
		<documentType>
			<name>TypeCodeMaintenanceDocument</name>
			<helpDefinitionURL>default.htm?turl=WordDocuments%2Ftypecode.htm
			</helpDefinitionURL>
			<parent>EndowmentSimpleMaintenanceDocument</parent>
			<label>Type Code Maintenance Document</label>
		</documentType>
		<documentType>
			<name>TypeRestrictionCodeMaintenanceDocument</name>
			<helpDefinitionURL>default.htm?turl=WordDocuments%2Ftyperestrictioncode.htm
			</helpDefinitionURL>
			<parent>EndowmentSimpleMaintenanceDocument</parent>
			<label>Type Restriction Code Maintenance Document</label>
		</documentType>
		<documentType>
			<name>UseCriteriaCodeMaintenanceDocument</name>
			<helpDefinitionURL>default.htm?turl=WordDocuments%2Fusecriteriacode.htm
			</helpDefinitionURL>
			<parent>EndowmentSimpleMaintenanceDocument</parent>
			<label>Use Criteria Code Maintenance Document</label>
		</documentType>
		<documentType>
			<name>HoldingTaxLotRebalanceMaintenanceDocument</name>
			<helpDefinitionURL>default.htm?turl=WordDocuments%2Fholdingtaxlotrebalance.htm
			</helpDefinitionURL>
			<parent>EndowmentSimpleMaintenanceDocument</parent>
			<label>Holding Tax Lot Rebalance Document</label>
		</documentType>
		<documentType>
			<name>RecurringCashTransferMaintenanceDocument</name>
			<helpDefinitionURL>default.htm?turl=WordDocuments%2Frecurringcashtransfer.htm
			</helpDefinitionURL>
			<parent>EndowmentSimpleMaintenanceDocument</parent>
			<label>Recurring Cash Transfer Maintenance Document</label>
		</documentType>
	</documentTypes>
</data>
