<!--
 Copyright 2012 The Kuali Foundation
 
 Licensed under the Educational Community License, Version 2.0 (the "License");
 you may not use this file except in compliance with the License.
 You may obtain a copy of the License at
 
 http://www.opensource.org/licenses/ecl2.php
 
 Unless required by applicable law or agreed to in writing, software
 distributed under the License is distributed on an "AS IS" BASIS,
 WITHOUT WARRANTIES OR CONDITIONS OF ANY KIND, either express or implied.
 See the License for the specific language governing permissions and
 limitations under the License.
-->
<data xmlns="ns:workflow" xsi:schemaLocation="ns:workflow resource:WorkflowData" xmlns:xsi="http://www.w3.org/2001/XMLSchema-instance">
  <documentTypes xmlns="ns:workflow/DocumentType" xsi:schemaLocation="ns:workflow/DocumentType resource:DocumentType">
    <documentType>
      <name>
        DEPR
      </name>
      <parent>
        CAM
      </parent>
      <label>
        Asset Depreciation
      </label>
      <active>
        true
      </active>
      <routingVersion>
        2
      </routingVersion>
    </documentType>
    <documentType>
      <name>
        MPAY
      </name>
      <parent>
        CAM
      </parent>
      <label>
        Asset Manual Payment
      </label>
      <docHandler>
        ${kfs.url}/camsAssetPayment.do?methodToCall=docHandler
      </docHandler>
      <helpDefinitionURL>
        default.htm?turl=WordDocuments%2Fassetmanualpayment.htm
      </helpDefinitionURL>
      <active>
        true
      </active>
      <routingVersion>
        2
      </routingVersion>
      <routePaths>
        <routePath>
          <start name="AdHoc" nextNode="PlantFund"/>
          <role name="PlantFund"/>
        </routePath>
      </routePaths>
      <routeNodes>
        <start name="AdHoc"/>
        <role name="PlantFund">
          <qualifierResolverClass>
            org.kuali.rice.krad.workflow.attribute.DataDictionaryQualifierResolver
          </qualifierResolverClass>
        </role>
      </routeNodes>
    </documentType>
    <documentType>
      <name>
        AT
      </name>
      <parent>
        CAM
      </parent>
      <label>
        Asset Transfer
      </label>
      <docHandler>
        ${kfs.url}/camsAssetTransfer.do?methodToCall=docHandler
      </docHandler>
      <helpDefinitionURL>
        default.htm?turl=WordDocuments%2Ftransferasset.htm
      </helpDefinitionURL>
      <active>
        true
      </active>
      <routingVersion>
        2
      </routingVersion>
      <routePaths>
        <routePath>
          <start name="AdHoc" nextNode="Account"/>
          <role name="Account" nextNode="OrganizationHierarchy"/>
          <role name="OrganizationHierarchy"/>
        </routePath>
      </routePaths>
      <routeNodes>
        <start name="AdHoc"/>
        <role name="Account">
          <qualifierResolverClass>
            org.kuali.rice.krad.workflow.attribute.DataDictionaryQualifierResolver
          </qualifierResolverClass>
        </role>
        <role name="OrganizationHierarchy">
          <qualifierResolverClass>
            org.kuali.rice.krad.workflow.attribute.DataDictionaryQualifierResolver
          </qualifierResolverClass>
        </role>
      </routeNodes>
    </documentType>
    <documentType>
      <name>
        ELR
      </name>
      <parent>
        CAM
      </parent>
      <label>
        Equipment Loan/Return
      </label>
      <docHandler>
        ${kfs.url}/camsEquipmentLoanOrReturn.do?methodToCall=docHandler
      </docHandler>
      <helpDefinitionURL>
        default.htm?turl=WordDocuments%2Fequipmentloan.htm
      </helpDefinitionURL>
      <active>
        true
      </active>
      <routingVersion>
        2
      </routingVersion>
      <routePaths>
        <routePath>
          <start name="AdHoc" nextNode="Account"/>
          <role name="Account" nextNode="OrganizationHierarchy"/>
          <role name="OrganizationHierarchy" nextNode="Borrower"/>
          <role name="Borrower"/>
        </routePath>
      </routePaths>
      <routeNodes>
        <start name="AdHoc"/>
        <role name="Account">
          <qualifierResolverClass>
            org.kuali.rice.krad.workflow.attribute.DataDictionaryQualifierResolver
          </qualifierResolverClass>
        </role>
        <role name="OrganizationHierarchy">
          <qualifierResolverClass>
            org.kuali.rice.krad.workflow.attribute.DataDictionaryQualifierResolver
          </qualifierResolverClass>
        </role>
        <role name="Borrower">
          <qualifierResolverClass>
            org.kuali.rice.krad.workflow.attribute.DataDictionaryQualifierResolver
          </qualifierResolverClass>
        </role>
      </routeNodes>
    </documentType>
    <documentType>
      <name>
        BCIE
      </name>
      <parent>
        CAM
      </parent>
      <label>
        Barcode Inventory Error
      </label>
      <docHandler>
        ${kfs.url}/camsBarcodeInventoryError.do?methodToCall=docHandler
      </docHandler>
      <helpDefinitionURL>
        default.htm?turl=WordDocuments%2Fbarcodeinventoryprocess.htm
      </helpDefinitionURL>
      <active>
        true
      </active>
      <routingVersion>
        2
      </routingVersion>
      <routePaths>
        <routePath>
          <start name="AdHoc" nextNode="Initiator"/>
          <role name="Initiator"/>
        </routePath>
      </routePaths>
      <routeNodes>
        <start name="AdHoc"/>
        <role name="Initiator">
          <qualifierResolverClass>
            org.kuali.rice.krad.workflow.attribute.DataDictionaryQualifierResolver
          </qualifierResolverClass>
          <activationType>
            P
          </activationType>
        </role>
      </routeNodes>
    </documentType>
  </documentTypes>
</data>
