<!--
 Copyright 2012 The Kuali Foundation
 
 Licensed under the Educational Community License, Version 2.0 (the "License");
 you may not use this file except in compliance with the License.
 You may obtain a copy of the License at
 
 http://www.opensource.org/licenses/ecl2.php
 
 Unless required by applicable law or agreed to in writing, software
 distributed under the License is distributed on an "AS IS" BASIS,
 WITHOUT WARRANTIES OR CONDITIONS OF ANY KIND, either express or implied.
 See the License for the specific language governing permissions and
 limitations under the License.
-->
<data xmlns="ns:workflow" xsi:schemaLocation="ns:workflow resource:WorkflowData" xmlns:xsi="http://www.w3.org/2001/XMLSchema-instance">
  <documentTypes xmlns="ns:workflow/DocumentType" xsi:schemaLocation="ns:workflow/DocumentType resource:DocumentType">
    <documentType>
      <name>
        ACQT
      </name>
      <parent>
        CMSM
      </parent>
      <label>
        Asset Acquisition Type
      </label>
      <helpDefinitionURL>
        default.htm?turl=WordDocuments%2Fassetacquisitiontype.htm
      </helpDefinitionURL>
      <active>
        true
      </active>
      <routingVersion>
        2
      </routingVersion>
    </documentType>
    <documentType>
      <name>
        ACON
      </name>
      <parent>
        CMSM
      </parent>
      <label>
        Asset Condition
      </label>
      <helpDefinitionURL>
        default.htm?turl=WordDocuments%2Fassetcondition.htm
      </helpDefinitionURL>
      <active>
        true
      </active>
      <routingVersion>
        2
      </routingVersion>
    </documentType>
    <documentType>
      <name>
        DPRC
      </name>
      <parent>
        CMSM
      </parent>
      <label>
        Asset Depreciation Convention
      </label>
      <helpDefinitionURL>
        default.htm?turl=WordDocuments%2Fassetdepreciationconvention.htm
      </helpDefinitionURL>
      <active>
        true
      </active>
      <routingVersion>
        2
      </routingVersion>
    </documentType>
    <documentType>
      <name>
        DPRM
      </name>
      <parent>
        CMSM
      </parent>
      <label>
        Asset Depreciation Method
      </label>
      <helpDefinitionURL>
        default.htm?turl=WordDocuments%2Fassetdepreciationmethod.htm
      </helpDefinitionURL>
      <active>
        true
      </active>
      <routingVersion>
        2
      </routingVersion>
    </documentType>
    <documentType>
      <name>
        ASLT
      </name>
      <parent>
        CMSM
      </parent>
      <label>
        Asset Location Type
      </label>
      <helpDefinitionURL>
        default.htm?turl=WordDocuments%2Fassetlocationtype.htm
      </helpDefinitionURL>
      <active>
        true
      </active>
      <routingVersion>
        2
      </routingVersion>
    </documentType>
    <documentType>
      <name>
        COBJ
      </name>
      <parent>
        CMSM
      </parent>
      <label>
        Asset Object Code
      </label>
      <helpDefinitionURL>
        default.htm?turl=WordDocuments%2Fassetobjectcode.htm
      </helpDefinitionURL>
      <active>
        true
      </active>
      <routingVersion>
        2
      </routingVersion>
    </documentType>
    <documentType>
      <name>
        RRSN
      </name>
      <parent>
        CMSM
      </parent>
      <label>
        Asset Retirement Reason
      </label>
      <helpDefinitionURL>
        default.htm?turl=WordDocuments%2Fassetretirementreason.htm
      </helpDefinitionURL>
      <active>
        true
      </active>
      <routingVersion>
        2
      </routingVersion>
    </documentType>
    <documentType>
      <name>
        ASTA
      </name>
      <parent>
        CMSM
      </parent>
      <label>
        Asset Status
      </label>
      <helpDefinitionURL>
        default.htm?turl=WordDocuments%2Fassetstatus.htm
      </helpDefinitionURL>
      <active>
        true
      </active>
      <routingVersion>
        2
      </routingVersion>
    </documentType>
    <documentType>
      <name>
        ASST
      </name>
      <parent>
        CMSM
      </parent>
      <label>
        Asset Type
      </label>
      <helpDefinitionURL>
        default.htm?turl=WordDocuments%2Fassettype.htm
      </helpDefinitionURL>
      <active>
        true
      </active>
      <routingVersion>
        2
      </routingVersion>
    </documentType>
    <documentType>
		<name>YDPA</name>
		<label>Year End Depreciation Assets</label>
		<parent>CMSM</parent>
		<active>true</active>
		<routingVersion>2</routingVersion>
    </documentType>
	<documentType>
		<name>APDT</name>
		<parent>CMSM</parent>
		<label>Asset Payment Document Type</label>
		<active>true</active>
		<routingVersion>2</routingVersion>
	</documentType>
  </documentTypes>
</data>
