<!--
 Copyright 2012 The Kuali Foundation
 
 Licensed under the Educational Community License, Version 2.0 (the "License");
 you may not use this file except in compliance with the License.
 You may obtain a copy of the License at
 
 http://www.opensource.org/licenses/ecl2.php
 
 Unless required by applicable law or agreed to in writing, software
 distributed under the License is distributed on an "AS IS" BASIS,
 WITHOUT WARRANTIES OR CONDITIONS OF ANY KIND, either express or implied.
 See the License for the specific language governing permissions and
 limitations under the License.
-->
<data xmlns="ns:workflow" xsi:schemaLocation="ns:workflow resource:WorkflowData" xmlns:xsi="http://www.w3.org/2001/XMLSchema-instance">
  <documentTypes xmlns="ns:workflow/DocumentType" xsi:schemaLocation="ns:workflow/DocumentType resource:DocumentType">
    <documentType>
      <name>
        ARSM
      </name>
      <parent>
        FSSM
      </parent>
      <label>
        AccountsReceivableSimpleMaintenanceDocument
      </label>
      <active>
        true
      </active>
      <routingVersion>
        2
      </routingVersion>
    </documentType>
    <documentType>
      <name>
        BCSM
      </name>
      <parent>
        FSSM
      </parent>
      <label>
        BudgetConstructionSimpleMaintenanceDocument
      </label>
      <active>
        true
      </active>
      <routingVersion>
        2
      </routingVersion>
    </documentType>
    <documentType>
      <name>
        CMSM
      </name>
      <parent>
        FSSM
      </parent>
      <label>
        CapitalAssetManagementSimpleMaintenanceDocument
      </label>
      <active>
        true
      </active>
      <routingVersion>
        2
      </routingVersion>
    </documentType>
    <documentType>
      <name>
        CGSM
      </name>
      <parent>
        FSSM
      </parent>
      <label>
        ContractsAndGrantsSimpleMaintenanceDocument
      </label>
      <active>
        true
      </active>
      <routingVersion>
        2
      </routingVersion>
    </documentType>
    <documentType>
      <name>
        ECSM
      </name>
      <parent>
        FSSM
      </parent>
      <label>
        EffortCertificationSimpleMaintenanceDocument
      </label>
      <active>
        true
      </active>
      <routingVersion>
        2
      </routingVersion>
    </documentType>
    <documentType>
      <name>
        LDSM
      </name>
      <parent>
        FSSM
      </parent>
      <label>
        LaborDistributionSimpleMaintenanceDocument
      </label>
      <active>
        true
      </active>
      <routingVersion>
        2
      </routingVersion>
    </documentType>
    <documentType>
      <name>
        PRSM
      </name>
      <parent>
        FSSM
      </parent>
      <label>
        PurchasingAccountsPayableSimpleMaintenanceDocument
      </label>
      <active>
        true
      </active>
      <routingVersion>
        2
      </routingVersion>
    </documentType>
    <documentType>
      <name>
        ARM
      </name>
      <parent>
        KFSM
      </parent>
      <label>
        AccountsReceivableComplexMaintenanceDocument
      </label>
      <active>
        true
      </active>
      <routingVersion>
        2
      </routingVersion>
    </documentType>
    <documentType>
      <name>
        CAMM
      </name>
      <parent>
        KFSM
      </parent>
      <label>
        CapitalAssetManagementComplexMaintenanceDocument
      </label>
      <docSearchHelpURL>
        ${kfs.externalizable.help.url}/default.htm?turl=WordDocuments%2Fassetmaintenancecustomdocumentsearch.htm
      </docSearchHelpURL>
      <active>
        true
      </active>
      <routingVersion>
        2
      </routingVersion>
    </documentType>
    <documentType>
      <name>
        CGM
      </name>
      <parent>
        KFSM
      </parent>
      <label>
        ContractsAndGrantsComplexMaintenanceDocument
      </label>
      <active>
        true
      </active>
      <routingVersion>
        2
      </routingVersion>
    </documentType>
    <documentType>
      <name>
        CAB
      </name>
      <parent>
        KFSM
      </parent>
      <label>
        CapitalAssetBuilderComplexMaintenanceDocument
      </label>
      <active>
        true
      </active>
      <routingVersion>
        2
      </routingVersion>
    </documentType>
    <documentType>
      <name>
        AR
      </name>
      <parent>
        KFST
      </parent>
      <label>
        AccountsReceivableTransactionalDocument
      </label>
      <active>
        true
      </active>
      <routingVersion>
        2
      </routingVersion>
    </documentType>
    <documentType>
      <name>
        BCT
      </name>
      <parent>
        KFST
      </parent>
      <label>
        BudgetConstructionTransactionalDocument
      </label>
      <active>
        true
      </active>
      <routingVersion>
        2
      </routingVersion>
    </documentType>
    <documentType>
      <name>
        CAM
      </name>
      <parent>
        KFST
      </parent>
      <label>
        CapitalAssetManagementTransactionalDocument
      </label>
      <active>
        true
      </active>
      <routingVersion>
        2
      </routingVersion>
    </documentType>
    <documentType>
      <name>
        CG
      </name>
      <parent>
        KFST
      </parent>
      <label>
        ContractsAndGrantsTransactionalDocument
      </label>
      <active>
        true
      </active>
      <routingVersion>
        2
      </routingVersion>
      <routePaths>
        <routePath>
          <start name="AdHoc" nextNode="ProjectManagement"/>
          <role name="ProjectManagement"/>
        </routePath>
      </routePaths>
      <routeNodes>
        <start name="AdHoc"/>
        <role name="ProjectManagement">
          <qualifierResolverClass>
            org.kuali.rice.krad.workflow.attribute.DataDictionaryQualifierResolver
          </qualifierResolverClass>
        </role>
      </routeNodes>
    </documentType>
    <documentType>
      <name>
        EC
      </name>
      <parent>
        KFST
      </parent>
      <label>
        EffortCertificationTransactionalDocument
      </label>
      <active>
        true
      </active>
      <routingVersion>
        2
      </routingVersion>
    </documentType>
    <documentType>
      <name>
        LD
      </name>
      <parent>
        KFST
      </parent>
      <label>
        LaborDistributionTransactionalDocument
      </label>
      <active>
        true
      </active>
      <routingVersion>
        2
      </routingVersion>
    </documentType>
    <documentType>
      <name>
        PRAP
      </name>
      <parent>
        KFST
      </parent>
      <label>
        PurchasingAccountsPayableTransactionalDocument
      </label>
      <active>
        true
      </active>
      <routingVersion>
        2
      </routingVersion>
    </documentType>
    <documentType>
      <name>
        ET
      </name>
      <label>
        EndowmentTransactionalDocument
      </label>
      <parent>
        KFST
      </parent>
    </documentType>
  </documentTypes>
</data>
