<!--
 Copyright 2013 The Kuali Foundation
 
 Licensed under the Educational Community License, Version 2.0 (the "License");
 you may not use this file except in compliance with the License.
 You may obtain a copy of the License at
 
 http://www.opensource.org/licenses/ecl2.php
 
 Unless required by applicable law or agreed to in writing, software
 distributed under the License is distributed on an "AS IS" BASIS,
 WITHOUT WARRANTIES OR CONDITIONS OF ANY KIND, either express or implied.
 See the License for the specific language governing permissions and
 limitations under the License.
-->
<data xmlns="ns:workflow" xsi:schemaLocation="ns:workflow resource:WorkflowData" xmlns:xsi="http://www.w3.org/2001/XMLSchema-instance">
  <ruleAttributes xmlns="ns:workflow/RuleAttribute" xsi:schemaLocation="ns:workflow/RuleAttribute resource:RuleAttribute">
    <ruleAttribute>
      <name>KFSDocumentSearchCustomizer</name>
      <label>KFS Document Search Customizer</label>
      <className>{http://kfs.kuali.org/kfs/v5_0}KFSDocumentSearchCustomizer</className>
      <type>DocumentSearchCustomizer</type>
      <applicationId>KFS</applicationId>
    </ruleAttribute>
    <ruleAttribute>
      <name>FinancialSystemSearchableAttribute</name>
      <className>{http://kfs.kuali.org/kfs/v5_0}FinancialSystemSearchableAttribute</className>
      <label>Financial System Searchable Attribute</label>
      <description>Financial System Searchable Attribute</description>
      <type>SearchableAttribute</type>
      <applicationId>KFS</applicationId>
    </ruleAttribute>
    <ruleAttribute>
	  <name>SensitiveDataSecurityAttribute</name>
	  <className>{http://kfs.kuali.org/kfs/v5_0}SensitiveDataSecurityAttribute</className>
	  <label>Sensitive Data Security Attribute</label>
	  <description>Sensitive Data Security Attribute</description>
	  <type>DocumentSecurityAttribute</type>
	  <applicationId>KFS</applicationId>
	</ruleAttribute>
  </ruleAttributes>
  <documentTypes xmlns="ns:workflow/DocumentType" xsi:schemaLocation="ns:workflow/DocumentType resource:DocumentType">
    <documentType>
      <name>
        KFS
      </name>
      <parent>
        KualiDocument
      </parent>
      <label>
        FinancialSystemDocument
      </label>
      <serviceNamespace>
        KFS
      </serviceNamespace>
      <docHandler>
        ${kfs.url}/kr/maintenance.do?methodToCall=docHandler
      </docHandler>
      <postProcessorName>
        org.kuali.kfs.sys.document.workflow.PostProcessor
      </postProcessorName>
      <active>
        true
      </active>
      <attributes>
        <attribute>
          <name>FinancialSystemSearchableAttribute</name>
        </attribute>
        <attribute>
          <name>KFSDocumentSearchCustomizer</name>
        </attribute>
      </attributes>
      <routingVersion>
        2
      </routingVersion>
      <policies>
  		<policy>
    	  <name>RECALL_VALID_ACTIONSTAKEN</name>
    	  <stringValue>SAVED, COMPLETE</stringValue>
  		</policy>
		<policy>
    	  <name>NOTIFY_PENDING_ON_RETURN</name>
    	  <value>false</value>
		</policy>
	  </policies>
    </documentType>
    <documentType>
      <name>
        FSSM
      </name>
      <parent>
        KFS
      </parent>
      <label>
        FinancialSystemSimpleMaintenanceDocument
      </label>
      <active>
        true
      </active>
      <routingVersion>
        2
      </routingVersion>
      <routePaths>
        <routePath>
          <start name="AdHoc"/>
        </routePath>
      </routePaths>
      <routeNodes>
        <start name="AdHoc"/>
      </routeNodes>
    </documentType>
    <documentType>
      <name>
        KFSM
      </name>
      <parent>
        KFS
      </parent>
      <label>
        FinancialSystemComplexMaintenanceDocument
      </label>
      <active>
        true
      </active>
      <routingVersion>
        2
      </routingVersion>
      <routePaths>
        <routePath>
          <start name="AdHoc" nextNode="OrganizationHierarchy"/>
          <role name="OrganizationHierarchy"/>
        </routePath>
      </routePaths>
      <routeNodes>
        <start name="AdHoc"/>
        <role name="OrganizationHierarchy">
          <qualifierResolverClass>
            org.kuali.rice.krad.workflow.attribute.DataDictionaryQualifierResolver
          </qualifierResolverClass>
        </role>
      </routeNodes>
    </documentType>
    <documentType>
      <name>
        KFST
      </name>
      <parent>
        KFS
      </parent>
      <label>
        FinancialSystemTransactionalDocument
      </label>
      <docSearchHelpURL>
        ${kfs.externalizable.help.url}/default.htm?turl=WordDocuments%2Ffinancialtransactions.htm
      </docSearchHelpURL>
      <active>
        true
      </active>
      <security>
        <securityAttribute name="SensitiveDataSecurityAttribute" />
      </security>
      <routingVersion>
        2
      </routingVersion>
    </documentType>
    <documentType>
      <name>
        FSLO
      </name>
      <label>
        Financial System - Ledger Only
      </label>
      <active>
        true
      </active>
      <routingVersion>
        2
      </routingVersion>
      <routePaths/>
    </documentType>
  </documentTypes>
</data>
