<!--
 Copyright 2010 The Kuali Foundation
 
 Licensed under the Educational Community License, Version 2.0 (the "License");
 you may not use this file except in compliance with the License.
 You may obtain a copy of the License at
 
 http://www.opensource.org/licenses/ecl2.php
 
 Unless required by applicable law or agreed to in writing, software
 distributed under the License is distributed on an "AS IS" BASIS,
 WITHOUT WARRANTIES OR CONDITIONS OF ANY KIND, either express or implied.
 See the License for the specific language governing permissions and
 limitations under the License.
-->
<data xmlns="ns:workflow" xsi:schemaLocation="ns:workflow resource:WorkflowData" xmlns:xsi="http://www.w3.org/2001/XMLSchema-instance">
  <documentTypes xmlns="ns:workflow/DocumentType" xsi:schemaLocation="ns:workflow/DocumentType resource:DocumentType">
    <documentType>
      <name>
        PMTY
      </name>
      <parent>
        PRSM
      </parent>
      <label>
        CapitalAssetSystemState
      </label>
      <helpDefinitionURL>
        default.htm?turl=WordDocuments%2Fcapitalassetsystemstate.htm
      </helpDefinitionURL>
      <active>
        true
      </active>
      <routingVersion>
        2
      </routingVersion>
    </documentType>
    <documentType>
      <name>
        PMAA
      </name>
      <parent>
        PRSM
      </parent>
      <label>
        Payment Request Auto Approve Exclusions
      </label>
      <helpDefinitionURL>
        default.htm?turl=WordDocuments%2Fpaymentrequestautoapproveexclusions.htm
      </helpDefinitionURL>
      <active>
        true
      </active>
      <routingVersion>
        2
      </routingVersion>
    </documentType>
    <documentType>
      <name>
        PMBA
      </name>
      <parent>
        PRSM
      </parent>
      <label>
        Billing Address
      </label>
      <helpDefinitionURL>
        default.htm?turl=WordDocuments%2Fbillingaddress.htm
      </helpDefinitionURL>
      <active>
        true
      </active>
      <routingVersion>
        2
      </routingVersion>
    </documentType>
    <documentType>
      <name>
        PMSY
      </name>
      <parent>
        PRSM
      </parent>
      <label>
        Capital Asset System Type
      </label>
      <helpDefinitionURL>
        default.htm?turl=WordDocuments%2Fcapitalassetsystemtype.htm
      </helpDefinitionURL>
      <active>
        true
      </active>
      <routingVersion>
        2
      </routingVersion>
    </documentType>
    <documentType>
      <name>
        PMCA
      </name>
      <parent>
        PRSM
      </parent>
      <label>
        Carrier
      </label>
      <helpDefinitionURL>
        default.htm?turl=WordDocuments%2Fcarrier.htm
      </helpDefinitionURL>
      <active>
        true
      </active>
      <routingVersion>
        2
      </routingVersion>
    </documentType>
    <documentType>
      <name>
        PMCM
      </name>
      <parent>
        PRSM
      </parent>
      <label>
        Credit Memo Status
      </label>
      <helpDefinitionURL>
        default.htm?turl=WordDocuments%2Fcreditmemostatus.htm
      </helpDefinitionURL>
      <active>
        true
      </active>
      <routingVersion>
        2
      </routingVersion>
    </documentType>
    <documentType>
      <name>
        PMDR
      </name>
      <parent>
        PRSM
      </parent>
      <label>
        Delivery Required Date Reason
      </label>
      <helpDefinitionURL>
        default.htm?turl=WordDocuments%2Fdeliveryrequireddatereason.htm
      </helpDefinitionURL>
      <active>
        true
      </active>
      <routingVersion>
        2
      </routingVersion>
    </documentType>
    <documentType>
      <name>
        PMFS
      </name>
      <parent>
        PRSM
      </parent>
      <label>
        Funding Source
      </label>
      <helpDefinitionURL>
        default.htm?turl=WordDocuments%2Ffundingsource.htm
      </helpDefinitionURL>
      <active>
        true
      </active>
      <routingVersion>
        2
      </routingVersion>
    </documentType>
    <documentType>
      <name>
        IRAD
      </name>
      <parent>
        PRSM
      </parent>
      <label>
        Item Reason Added
      </label>
      <helpDefinitionURL>
        default.htm?turl=WordDocuments%2Fitemreasonadded.htm
      </helpDefinitionURL>
      <active>
        true
      </active>
      <routingVersion>
        2
      </routingVersion>
    </documentType>
    <documentType>
      <name>
        PMIT
      </name>
      <parent>
        PRSM
      </parent>
      <label>
        Item Type
      </label>
      <helpDefinitionURL>
        default.htm?turl=WordDocuments%2Fitemtype.htm
      </helpDefinitionURL>
      <active>
        true
      </active>
      <routingVersion>
        2
      </routingVersion>
    </documentType>
    <documentType>
      <name>
        PMNP
      </name>
      <parent>
        PRSM
      </parent>
      <label>
        Negative Payment Request Approval Limit
      </label>
      <helpDefinitionURL>
        default.htm?turl=WordDocuments%2Fnegativepaymentrequestapprovallimit.htm
      </helpDefinitionURL>
      <active>
        true
      </active>
      <routingVersion>
        2
      </routingVersion>
    </documentType>
    <documentType>
      <name>
        PMOP
      </name>
      <parent>
        PRSM
      </parent>
      <label>
        Organization Parameter
      </label>
      <helpDefinitionURL>
        default.htm?turl=WordDocuments%2Forganizationparameter.htm
      </helpDefinitionURL>
      <active>
        true
      </active>
      <routingVersion>
        2
      </routingVersion>
    </documentType>
    <documentType>
      <name>
        PMPR
      </name>
      <parent>
        PRSM
      </parent>
      <label>
        Payment Request Status
      </label>
      <helpDefinitionURL>
        default.htm?turl=WordDocuments%2Fpaymentrequeststatus.htm
      </helpDefinitionURL>
      <active>
        true
      </active>
      <routingVersion>
        2
      </routingVersion>
    </documentType>
    <documentType>
      <name>
        PMCL
      </name>
      <parent>
        PRSM
      </parent>
      <label>
        Purchase Order Contract Language
      </label>
      <helpDefinitionURL>
        default.htm?turl=WordDocuments%2Fpurchaseordercontractlanguage.htm
      </helpDefinitionURL>
      <active>
        true
      </active>
      <routingVersion>
        2
      </routingVersion>
    </documentType>
    <documentType>
      <name>
        PMQL
      </name>
      <parent>
        PRSM
      </parent>
      <label>
        Purchase Order Quote Language
      </label>
      <helpDefinitionURL>
        default.htm?turl=WordDocuments%2Fpurchaseorderquotelanguage.htm
      </helpDefinitionURL>
      <active>
        true
      </active>
      <routingVersion>
        2
      </routingVersion>
    </documentType>
    <documentType>
      <name>
        PMQT
      </name>
      <parent>
        PRSM
      </parent>
      <label>
        Purchase Order Quote List
      </label>
      <helpDefinitionURL>
        default.htm?turl=WordDocuments%2Fpurchaseorderquotelist.htm
      </helpDefinitionURL>
      <active>
        true
      </active>
      <routingVersion>
        2
      </routingVersion>
    </documentType>
    <documentType>
      <name>
        PMQS
      </name>
      <parent>
        PRSM
      </parent>
      <label>
        Purchase Order Quote Status
      </label>
      <helpDefinitionURL>
        default.htm?turl=WordDocuments%2Fpurchaseorderquotestatus.htm
      </helpDefinitionURL>
      <active>
        true
      </active>
      <routingVersion>
        2
      </routingVersion>
    </documentType>
    <documentType>
      <name>
        PMPS
      </name>
      <parent>
        PRSM
      </parent>
      <label>
        Purchase Order Status
      </label>
      <helpDefinitionURL>
        default.htm?turl=WordDocuments%2Fpurchaseorderstatus.htm
      </helpDefinitionURL>
      <active>
        true
      </active>
      <routingVersion>
        2
      </routingVersion>
    </documentType>
    <documentType>
      <name>
        PMTM
      </name>
      <parent>
        PRSM
      </parent>
      <label>
        Method of PO Transmission
      </label>
      <helpDefinitionURL>
        default.htm?turl=WordDocuments%2Fmethodofpotransmission.htm
      </helpDefinitionURL>
      <active>
        true
      </active>
      <routingVersion>
        2
      </routingVersion>
    </documentType>
    <documentType>
      <name>
        PMVC
      </name>
      <parent>
        PRSM
      </parent>
      <label>
        Purchase Order Vendor Choice
      </label>
      <helpDefinitionURL>
        default.htm?turl=WordDocuments%2Fpurchaseordervendorchoice.htm
      </helpDefinitionURL>
      <active>
        true
      </active>
      <routingVersion>
        2
      </routingVersion>
    </documentType>
    <documentType>
      <name>
        PMRA
      </name>
      <parent>
        PRSM
      </parent>
      <label>
        Receiving Address
      </label>
      <helpDefinitionURL>
        default.htm?turl=WordDocuments%2Freceivingaddress.htm
      </helpDefinitionURL>
      <active>
        true
      </active>
      <routingVersion>
        2
      </routingVersion>
    </documentType>
    <documentType>
      <name>
        THLD
      </name>
      <parent>
        PRSM
      </parent>
      <label>
        Receiving Threshold
      </label>
      <helpDefinitionURL>
        default.htm?turl=WordDocuments%2Freceivingthreshold.htm
      </helpDefinitionURL>
      <active>
        true
      </active>
      <routingVersion>
        2
      </routingVersion>
    </documentType>
    <documentType>
      <name>
        PMRF
      </name>
      <parent>
        PRSM
      </parent>
      <label>
        Recurring Payment Frequency
      </label>
      <helpDefinitionURL>
        default.htm?turl=WordDocuments%2Frecurringpaymentfrequency.htm
      </helpDefinitionURL>
      <active>
        true
      </active>
      <routingVersion>
        2
      </routingVersion>
    </documentType>
    <documentType>
      <name>
        PMRP
      </name>
      <parent>
        PRSM
      </parent>
      <label>
        Recurring Payment Type
      </label>
      <helpDefinitionURL>
        default.htm?turl=WordDocuments%2Frecurringpaymenttype.htm
      </helpDefinitionURL>
      <active>
        true
      </active>
      <routingVersion>
        2
      </routingVersion>
    </documentType>
    <documentType>
      <name>
        PMSO
      </name>
      <parent>
        PRSM
      </parent>
      <label>
        Requisition Source
      </label>
      <helpDefinitionURL>
        default.htm?turl=WordDocuments%2Frequisitionsource.htm
      </helpDefinitionURL>
      <active>
        true
      </active>
      <routingVersion>
        2
      </routingVersion>
    </documentType>
    <documentType>
      <name>
        PMRS
      </name>
      <parent>
        PRSM
      </parent>
      <label>
        Requisition Status
      </label>
      <helpDefinitionURL>
        default.htm?turl=WordDocuments%2Frequisitionstatus.htm
      </helpDefinitionURL>
      <active>
        true
      </active>
      <routingVersion>
        2
      </routingVersion>
    </documentType>
    <documentType>
      <name>
        PMSN
      </name>
      <parent>
        PRSM
      </parent>
      <label>
        Sensitive Data
      </label>
      <helpDefinitionURL>
        default.htm?turl=WordDocuments%2Fsensitivedata.htm
      </helpDefinitionURL>
      <active>
        true
      </active>
      <routingVersion>
        2
      </routingVersion>
    </documentType>
    <documentType>
      <name>
        PMUM
      </name>
      <parent>
        PRSM
      </parent>
      <label>
        Unit Of Measure
      </label>
      <helpDefinitionURL>
        default.htm?turl=WordDocuments%2Funitofmeasure.htm
      </helpDefinitionURL>
      <active>
        true
      </active>
      <routingVersion>
        2
      </routingVersion>
    </documentType>
    <documentType>
      <name>
        PMSI
      </name>
      <parent>
        PRSM
      </parent>
      <label>
        Vendor Stipulation
      </label>
      <helpDefinitionURL>
        default.htm?turl=WordDocuments%2Fvendorstipulation.htm
      </helpDefinitionURL>
      <active>
        true
      </active>
      <routingVersion>
        2
      </routingVersion>
    </documentType>
    <documentType>
      <name>
        PMTT
      </name>
      <parent>
        PRSM
      </parent>
      <label>
        Asset Transaction Type
      </label>
      <helpDefinitionURL>
        default.htm?turl=WordDocuments%2Fassettransactiontype.htm
      </helpDefinitionURL>
      <active>
        true
      </active>
      <routingVersion>
        2
      </routingVersion>
    </documentType>
    <documentType>
      <name>
        PMLI
      </name>
      <parent>
        PRSM
      </parent>
      <label>
        Line Item Receiving Status
      </label>
      <helpDefinitionURL>
        default.htm?turl=WordDocuments%2Flineitemreceivingstatus.htm
      </helpDefinitionURL>
      <active>
        true
      </active>
      <routingVersion>
        2
      </routingVersion>
    </documentType>
    <documentType>
      <name>
        EIIM
      </name>
      <parent>
        PRSM
      </parent>
      <label>
        Electronic Invoice Item Mapping
      </label>
      <helpDefinitionURL>
        default.htm?turl=WordDocuments%2Felectronicinvoiceitemmapping.htm
      </helpDefinitionURL>
      <active>
        true
      </active>
      <routingVersion>
        2
      </routingVersion>
    </documentType>
  </documentTypes>
</data>
